NO,共通ID,施設・場所名,住所,指定緊急避難場所との住所同一,その他市町村長が必要と認める事項,受入対象者,緯度,経度,備考
1,E1720900050121,かほく市宇ノ気保健福祉センター,石川県かほく市宇野気ニ71-2,,,妊産婦及びその家族,36.719421,136.706215,
2,E1720900003111,宇ノ気小学校,石川県かほく市宇野気リ147,1,,,36.719725956735,136.70405710809,
3,E1720900007111,河北台中学校,石川県かほく市遠塚ロ47-1,1,,,36.73479373537,136.70312420319,
4,E1720900049121,かほく市七塚健康福祉センター,石川県かほく市遠塚ロ52-10,,,妊産婦及びその家族,36.73477,136.700625,
5,E1720900014111,大海小学校,石川県かほく市夏栗ロ10,1,,,36.778579735518,136.74758318225,
6,E1720900015111,外日角小学校,石川県かほく市外日角ニ52,1,,,36.723647846112,136.69186184095,
7,E1720900016121,石川県立看護大学,石川県かほく市学園台1-1,,,妊産婦及びその家族,36.7808508065799,136.733821094946,
8,E1720900017121,社会福祉法人芙蓉会,石川県かほく市学園台5-19-1,,高齢者・要介護認定者及びその介助者となる家族1名,高齢者・要介護認定者及びその介助者となる家族1名,36.77976795883,136.73045003743,
9,E1720900021111,高松小学校,石川県かほく市高松ヤ10,1,,,36.769075447786,136.71929516708,
10,E1720900022111,高松中学校,石川県かほく市高松ヤ42,1,,,36.767294200191,136.72103544555,
11,E1720900024121,社会福祉法人四恩会ライフクリエートかほく,石川県かほく市七窪ハ7-1,,障がい者及びその介助者となる家族,障がい者及びその介助者となる家族,36.723505780501,136.7094130615,
12,E1720900026121,社会福祉法人眉丈会,石川県かほく市秋浜へ20-1-2,,障がい者、障がい児及びその介助者となる家族、保護者,障がい者、障がい児及びその介助者となる家族、保護者,36.72837136685,136.69275491499,
13,E1720900028111,宇ノ気中学校,石川県かほく市森レ1,1,,,36.723278909888,136.70656126125,
14,E1720900034111,金津小学校,石川県かほく市谷カ30,1,,,36.741566040667,136.72529581125,
15,E1720900039121,社会福祉法人白千鳥会,石川県かほく市内高松ヤ36,,障がい者及びその介助者となる家族,障がい者及びその介助者となる家族,36.763956348076,136.73745460524,
16,E1720900048121,社会福祉法人相生会,石川県かほく市白尾タ220,,,高齢者・要介護認定者及びその介護者となる家族,36.717666,136.696022,
17,E1720900047111,七塚小学校,石川県かほく市木津ホ61-1,1,,,36.747906142761,136.70173985234,
18,E1720700002111,粟ノ保小学校,石川県羽咋市粟生町キ1-2,1,,,36.880648040343,136.7781414121,
19,E1720700003111,一ノ宮公民館,石川県羽咋市一ノ宮町レ86-1,1,,,36.924721049061,136.76275262153,
20,E1720700004111,西北台保育所,石川県羽咋市一ノ宮町伊9-3,,,,36.936876542947,136.76105112116,
21,E1720700006111,羽松高校,石川県羽咋市吉崎町ラ1-2,1,,,36.89787908461,136.79335898615,
22,E1720700009111,鹿島路公民館,石川県羽咋市鹿島路町1788,,,,36.935339501277,136.81241231334,
23,E1720700011111,国立能登青少年交流の家,石川県羽咋市柴垣町14-5-6,1,,,36.935054033088,136.76964256503,
24,E1720700012111,上甘田公民館,石川県羽咋市柴垣町３６字19-1,1,,,36.952939302809,136.76627707101,
25,E1720700013111,富永公民館,石川県羽咋市深江町ト108,,,,36.902877615168,136.80156916424,
26,E1720700014111,瑞穂小学校,石川県羽咋市深江町ル61-1,1,,,36.902676246461,136.80044476476,
27,E1720700015111,神子原公民館,石川県羽咋市神子原町チ18,,,,36.883979106784,136.8621278192,
28,E1720700016111,神子原スポーツセンター,石川県羽咋市神子原町チ22,1,,,36.884214455386,136.8618352752,
29,E1720700017111,羽咋工業高校,石川県羽咋市西釜屋町ク21,1,,,36.908384053372,136.77507895134,
30,E1720700018111,勤労者総合福祉センター,石川県羽咋市千里浜町カ1-20,,,,36.885407703368,136.77088235229,
31,E1720700020111,千里浜児童センター,石川県羽咋市千里浜町タ118-2,,,,36.892044246089,136.77042010689,
32,E1720700022111,千里浜公民館,石川県羽咋市千里浜町ハ140-2,,,,36.89502393793,136.77131217082,
33,E1720700023111,千里浜保育所,石川県羽咋市千里浜町ロ39-1,,,,36.894441975155,136.77307359554,
34,E1720700024111,とき保育園,石川県羽咋市千路町は10,,,,36.927175253967,136.80504744066,
35,E1720700025111,越路野公民館,石川県羽咋市千路町も30,,,,36.924496575519,136.79329127198,
36,E1720700047111,ＬＡＫＵＮＡはくい,石川県羽咋市川原町テ43,,,,36.894939,136.782349,
37,E1720700029111,余喜公民館（よき交流センター）,石川県羽咋市大町コ部42,1,,,36.93279604071,136.84603113432,
38,E1720700030111,西北台小学校,石川県羽咋市滝町ケ14-2,1,,,36.935188618637,136.76250768045,
39,E1720700031112,羽咋中学校,石川県羽咋市中央町キ59,1,,,36.891497933744,136.77545673745,
40,E1720700031111,羽咋市民体育館,石川県羽咋市中央町キ59,1,,,36.891902709237,136.77643235165,
41,E1720700032111,羽咋小学校,石川県羽咋市中央町サ90,1,,,36.894076403656,136.77534675977,
42,E1720700033111,羽咋公民館,石川県羽咋市中央町フ169-2,1,,,36.896980180062,136.77532209584,
43,E1720700035113,羽咋体育館,石川県羽咋市鶴多町亀田17,1,,,36.898343529373,136.79031812055,
44,E1720700035111,老人福祉センター,石川県羽咋市鶴多町亀田17,1,,,36.89859234525,136.79377817017,
45,E1720700035112,羽咋すこやかセンター,石川県羽咋市鶴多町亀田17,1,,,36.898090422734,136.79132663113,
46,E1720700036111,羽咋市武道館,石川県羽咋市鶴多町鶴多田12,,,,36.898781101582,136.79000161988,
47,E1720700037111,コスモアイル羽咋,石川県羽咋市鶴多町免田25,1,,,36.898359334556,136.78818042712,
48,E1720700038111,こすもす保育園,石川県羽咋市東的場町古川田15-1,,,,36.898204853891,136.78692105677,
49,E1720700039111,邑知保育園,石川県羽咋市飯山町ト8-1,,,,36.902246671497,136.82482625385,
50,E1720700040111,邑知中学校,石川県羽咋市飯山町ホ57,1,,,36.905905039369,136.83015088128,
51,E1720700041111,邑知公民館（邑知ふれあいセンター）,石川県羽咋市飯山町ル78-1,,,,36.902066861146,136.82802110953,
52,E1720700042111,邑知小学校,石川県羽咋市飯山町ロ20,1,,,36.900281314091,136.82299742277,
53,E1720700044111,粟ノ保放課後児童クラブ（粟ノ保公民館）,石川県羽咋市兵庫町タ56-1,,,,36.882282138434,136.77899853575,
54,E1720700045111,羽咋高等学校,石川県羽咋市柳橋町1,1,,,36.893496762588,136.78925788857,
55,E1720600001111,加賀市立塩屋地区会館,石川県加賀市塩屋町イ29-1,,,,36.29466484944,136.25302349438,
56,E1720600002111,加賀市立金明小学校,石川県加賀市塩浜町104,1,,,36.350195080714,136.33380459832,
57,E1720600003111,加賀市立金明地区会館,石川県加賀市塩浜町105,,,,36.350076602931,136.33448833118,
58,E1720600004111,加賀市立南郷地区会館,石川県加賀市下河崎町ヘ102,,,,36.30736630144,136.33341845595,
59,E1720600005111,加賀市立南郷小学校,石川県加賀市吸坂町ヤ26,1,,,36.30421427096,136.33771556258,
60,E1720600006111,加賀市立橋立地区会館,石川県加賀市橋立町ロ357,,,,36.350815429392,136.31137804175,
61,E1720600008111,石川県立大聖寺実業高等学校,石川県加賀市熊坂町ヲ77,1,,,36.298244637422,136.3045972474,
62,E1720600009111,旧加賀市立黒崎小学校,石川県加賀市黒崎町め23,1,,,36.335131076247,136.29545578122,
63,E1720600010111,加賀市立作見小学校,石川県加賀市作見町ナ154,1,,,36.323547067751,136.35385213463,
64,E1720600011111,加賀市立作見地区会館,石川県加賀市作見町ヨ36-1,,,,36.324124782114,136.35309071001,
65,E1720600012111,加賀市立三木地区会館,石川県加賀市三木町ニ126-1,,,,36.293034366631,136.28445771787,
66,E1720600013111,旧加賀市立三木小学校,石川県加賀市三木町ニ98-1,1,,,36.293419427278,136.28546855375,
67,E1720600015111,山代老人福祉センター（山代児童センター）,石川県加賀市山代温泉ヨ22-2,,,,36.289011679765,136.35849678858,
68,E1720600082111,山代温泉第一区区民会館,石川県加賀市山代温泉リ35-3,,,,36.282496,136.357917,
69,E1720600017111,加賀市立山代地区会館,石川県加賀市山代温泉山背台1-60,,,,36.29159093862,136.35927664099,
70,E1720600018111,加賀市立山代小学校,石川県加賀市山代温泉山背台2-44-1,1,,,36.292041545126,136.35779832359,
71,E1720600019111,加賀市文化会館,石川県加賀市山代温泉北部2-68,1,,,36.296903627685,136.35766733621,
72,E1720600023111,加賀市立山中中学校,石川県加賀市山中温泉上原町ト甲1-1,1,,,36.25400421558,136.36413431641,
73,E1720600024111,加賀市立山中小学校,石川県加賀市山中温泉上野町ル15-9,1,,,36.253391347761,136.36835130479,
74,E1720600027111,加賀市立東谷地区会館,石川県加賀市山中温泉中津原町ハ124-1,,,,36.26172776648,136.39823784893,
75,E1720600029111,加賀市立河南小学校,石川県加賀市山中温泉中田町ニ25-1,1,,,36.270130216794,136.35645564081,
76,E1720600030111,加賀市立河南地区会館,石川県加賀市山中温泉長谷田町リ391,,,,36.264999981661,136.36114454965,
77,E1720600033111,山中総合福祉センター,石川県加賀市山中温泉湯の出町レ11,,,,36.2467808460366,136.372868335616,
78,E1720600034111,加賀市スポーツセンター,石川県加賀市山田町リ245-2,1,,,36.327722294453,136.33008325936,
79,E1720600035111,加賀市立湖北小学校,石川県加賀市柴山町ひ92-1,1,,,36.35789411682,136.36768308397,
80,E1720600036111,加賀市立湖北地区会館,石川県加賀市柴山町も33,,,,36.358154183142,136.36640618127,
81,E1720600037111,加賀市立橋立海青学園,石川県加賀市小塩町ろ1,1,,,36.3481206961251,136.313887542628,
82,E1720600038111,加賀市立庄小学校,石川県加賀市庄町ワ101-1,1,,,36.312895412492,136.37433604795,
83,E1720600039111,加賀市立庄地区会館,石川県加賀市庄町ワ142-1,,,,36.312467437579,136.37463400648,
84,E1720600040111,作見児童センター,石川県加賀市松が丘1-8-1,,,,36.323263873782,136.34695164631,
85,E1720600041111,加賀市立山代中学校,石川県加賀市上野町エ45-2,1,,,36.298096028888,136.37348301487,
86,E1720600042111,加賀市立東谷口地区会館,石川県加賀市水田丸町チ12,,,,36.284254944297,136.39117765813,
87,E1720600043111,加賀市立東谷口小学校,石川県加賀市水田丸町ヌ36-1,1,,,36.28468303979,136.39019060521,
88,E1720600044111,加賀市立西谷地区会館,石川県加賀市菅谷町45,,,,36.229275584618,136.36633775356,
89,E1720600045111,加賀市立三谷地区会館,石川県加賀市曽宇町ホ7,,,,36.285750693997,136.3211029103,
90,E1720600046111,加賀市立分校小学校,石川県加賀市打越町ニ22,1,,,36.329347857057,136.40073250995,
91,E1720600047111,石川県立大聖寺高等学校,石川県加賀市大聖寺永町33-1,1,,,36.309664310088,136.31900377322,
92,E1720600048111,加賀市立大聖寺地区会館,石川県加賀市大聖寺京町1,,,,36.307281826352,136.31046558264,
93,E1720600049111,旧加賀市立緑丘小学校,石川県加賀市大聖寺瀬越町塩屋境山1-1,1,,,36.295065796281,136.25568397276,
94,E1720600050111,大聖寺老人福祉センター（大聖寺児童センター）,石川県加賀市大聖寺鷹匠町57-1,,,,36.306816201077,136.31347574261,
95,E1720600052111,加賀市立錦城中学校,石川県加賀市大聖寺地方町６乙74-1,1,,,36.300049090416,136.30271523767,
96,E1720600053111,加賀体育館,石川県加賀市大聖寺東町2-3-1,1,,,36.303770668476,136.31835908763,
97,E1720600053112,加賀市武道館,石川県加賀市大聖寺東町2-3-1,1,,,36.304039,136.31868,
98,E1720600054111,石川県立加賀聖城高等学校,石川県加賀市大聖寺馬場町28,1,,,36.305895150232,136.30737641881,
99,E1720600056111,加賀市立錦城小学校,石川県加賀市大聖寺八間道57,1,,,36.307739327334,136.30818908878,
100,E1720600057111,かが交流プラザさくら,石川県加賀市大聖寺八間道65,,,,36.3079261688067,136.309735174245,
101,E1720600058111,加賀市立錦城東小学校,石川県加賀市大聖寺敷地ワ13,1,,,36.312100076977,136.32275195286,
102,E1720600061111,加賀市立片山津中学校,石川県加賀市潮津町レ1-1,1,,,36.351270042942,136.34921760887,
103,E1720600062111,加賀市立勅使小学校,石川県加賀市勅使町24,1,,,36.303146726646,136.38907084202,
104,E1720600063111,加賀市立勅使地区会館,石川県加賀市勅使町ヌ24-1,,,,36.303728035347,136.38969725344,
105,E1720600064111,加賀市立三谷小学校,石川県加賀市直下町ニ丙73,1,,,36.283406982573,136.32477753665,
106,E1720600066111,加賀市立東和中学校,石川県加賀市動橋町ネ54-1,1,,,36.325238916322,136.38167827735,
107,E1720600067111,加賀市立動橋小学校,石川県加賀市動橋町ヘ1-1,1,,,36.329655643782,136.38908431972,
108,E1720600068111,加賀市立動橋地区会館,石川県加賀市動橋町ホ15-1,,,,36.330489725848,136.38959930385,
109,E1720600068112,動橋児童センター,石川県加賀市動橋町ホ15-1,,,,36.330519977362,136.38930426086,
110,E1720600069111,石川県立加賀高等学校,石川県加賀市動橋町ム53,,,,36.330946477089,136.37800171104,
111,E1720600071111,加賀市立分校地区会館,石川県加賀市分校町68-2,,,,36.328863824152,136.40077542529,
112,E1720600072111,加賀市立別所地区会館,石川県加賀市別所町漆器団地10-3,,,,36.276228800171,136.35913598925,
113,E1720600074111,加賀市立片山津地区会館,石川県加賀市片山津温泉7-1-1,,,,36.344815253664,136.3648890211,
114,E1720600075111,片山津老人福祉センター（片山津児童センター）,石川県加賀市片山津温泉ヒ19-1,,,,36.345156305789,136.36547715991,
115,E1720600077111,加賀市立片山津小学校,石川県加賀市片山津町ス丙21,1,,,36.33985014691,136.36654933148,
116,E1720600081111,石川県立錦城特別支援学校,石川県加賀市豊町イ120-1,1,,,36.325282,136.310759,
117,E1720100005111,緑小学校,石川県金沢市みどり1-166,1,,,36.57012759,136.5907047,
118,E1720100007111,緑中学校,石川県金沢市みどり2-3,1,,,36.57051685,136.5844456,
119,E1720100016111,粟崎公民館,石川県金沢市粟崎町1-3,1,,,36.62561064,136.6278979,
120,E1720100020111,ものづくり会館,石川県金沢市粟崎町4-80-1,1,,,36.62856087,136.6203539,
121,E1720100022111,粟崎小学校,石川県金沢市粟崎町ヘ78,1,,,36.62123295,136.6245675,
122,E1720100029111,金沢プール,石川県金沢市磯部町ハ55,1,,,36.59706661,136.6598392,
123,E1720100032111,西小学校,石川県金沢市駅西新町3-15-1,1,,,36.59216806,136.636561,
124,E1720100041111,浅野町公民館,石川県金沢市乙丸町甲161,1,,,36.586739,136.665312,
125,E1720100589111,金沢歌劇座,石川県金沢市下本多町6-27,1,,,36.558994,136.658605,
126,E1720100043111,旧朝日小学校,石川県金沢市加賀朝日町ホ33,1,,,36.62268612,136.7556051,
127,E1720100045111,金沢大学（角間キャンパス）,石川県金沢市角間町,1,,,36.54709684,136.7073725,
128,E1720100046111,額中学校,石川県金沢市額乙丸町イ1,1,,,36.5107,136.622989,
129,E1720100047111,額小学校,石川県金沢市額乙丸町イ55,1,,,36.51030313,136.621582,
130,E1720100057111,額公民館,石川県金沢市額谷3-1-1,1,,,36.51088342,136.6241778,
131,E1720100059121,鶴寿園,石川県金沢市額谷町ヌ1,1,,高齢者（65歳以上）及び障害のある方のうち、指定一般避難所において市が特定し、環境調整を事前に行った者及びその家族等,36.50981237,136.6294954,
132,E1720100060111,額谷ふれあい体育館,石川県金沢市額谷町ヌ16,1,,,36.509409,136.629936,
133,E1720100066111,大徳中学校,石川県金沢市観音堂町ト35,1,,,36.590106,136.607238,
134,E1720100067111,米丸公民館,石川県金沢市間明町2-72,1,,,36.56512302,136.618287,
135,E1720100590111,石川県立医王特別支援学校,石川県金沢市岩出町ホ1,1,,,36.611581,136.702387,
136,E1720100584111,犀桜小学校,石川県金沢市菊川1-2-15,1,,,36.550046,136.661687,
137,E1720100069111,菊川町公民館,石川県金沢市菊川2-3-3,1,,,36.55134757,136.6599542,
138,E1720100072111,金沢北陵高校,石川県金沢市吉原町ワ21,1,,,36.60731924,136.6927542,
139,E1720100074111,国際高等専門学校,石川県金沢市久安2-270,1,,,36.53171086,136.6281705,
140,E1720100076111,三馬小学校,石川県金沢市久安6-154,1,,,36.543557,136.633738,
141,E1720100077111,三馬公民館,石川県金沢市久安6-59-1,1,,,36.54208365,136.6346077,
142,E1720100079111,旧三谷小学校,石川県金沢市宮野町ニ277,1,,,36.59600326,136.7365386,
143,E1720100080111,三谷公民館,石川県金沢市宮野町ホ79,1,,,36.5968104,136.7377539,
144,E1720100082111,浅野町小学校,石川県金沢市京町35-1,1,,,36.58208,136.658873,
145,E1720100370111,中央小学校,石川県金沢市玉川町2-1,1,,,36.56997831304,136.65080945953,
146,E1720100087111,港中学校,石川県金沢市近岡町217,1,,,36.609826,136.628096,
147,E1720100090111,金石町公民館,石川県金沢市金石通町3-14,,,,36.60430974,136.5943079,
148,E1720100091111,金石中学校,石川県金沢市金石東1-13-1,1,,,36.60026642,136.597261,
149,E1720100094121,松寿荘,石川県金沢市金石北3-3-33,1,,高齢者（65歳以上）及び障害のある方のうち、指定一般避難所において市が特定し、環境調整を事前に行った者及びその家族等,36.607933,136.599387,
150,E1720100096111,金石町小学校,石川県金沢市金石北4-1-1,1,,,36.608937,136.598654,
151,E1720100099111,駒帰資料保管所（旧駒帰小学校）,石川県金沢市駒帰町ヌ40-1,1,,,36.48327982,136.7279256,
152,E1720100102111,伏見台小学校,石川県金沢市窪5-335,1,,,36.52665357,136.6380041,
153,E1720100103111,伏見台公民館,石川県金沢市窪5-675,1,,,36.52591793,136.6380717,
154,E1720100104111,金沢錦丘高校・中学校,石川県金沢市窪6-218,1,,,36.53002838,136.6413688,
155,E1720100106111,兼六小学校,石川県金沢市兼六元町7-15,1,,,36.56552732,136.66613,
156,E1720100107111,味噌蔵町公民館,石川県金沢市兼六元町7-19,1,,,36.56644534,136.6653046,
157,E1720100116111,戸板小学校,石川県金沢市戸板1-1,1,,,36.57926794,136.6227611,
158,E1720100117111,戸板公民館,石川県金沢市戸板1-2,1,,,36.579886,136.6226297,
159,E1720100126111,金沢星稜大学,石川県金沢市御所町丑10-1,1,,,36.58360241,136.6820866,
160,E1720100134111,文化ホール,石川県金沢市高岡町15-1,1,,,36.566616891363,136.65237099161,
161,E1720100137111,松ヶ枝公民館,石川県金沢市高岡町7-23,1,,,36.56984623,136.6528536,
162,E1720100141111,高尾台中学校,石川県金沢市高尾台1-128,1,,,36.52291499,136.6343828,
163,E1720100149111,此花町公民館,石川県金沢市此花町2-7,1,,,36.57717463,136.6519152,
164,E1720100151111,花園公民館,石川県金沢市今町チ41,1,,,36.63347397,136.7076224,
165,E1720100152111,花園小学校,石川県金沢市今町ヌ34,1,,,36.63262249,136.7082292,
166,E1720100153111,材木公民館,石川県金沢市材木町13-11,1,,,36.56692895,136.6675909,
167,E1720100154111,旧材木町小学校体育館,石川県金沢市材木町13-12,1,,,36.566764,136.668018,
168,E1720100161111,女性センター,石川県金沢市三社町1-44,1,,,36.57050711,136.6455484,
169,E1720100166111,内川公民館,石川県金沢市三小牛町20-1-10,1,,,36.50980493,136.6749714,
170,E1720100168111,北陸学院大学,石川県金沢市三小牛町イ11,1,,,36.51775163,136.6704311,
171,E1720100168112,北陸学院小学校,石川県金沢市三小牛町イ11,1,,,36.5180448,136.67196,
172,E1720100179111,富樫公民館,石川県金沢市山科1-6-8,1,,,36.5283824,136.6472696,
173,E1720100181111,富樫小学校,石川県金沢市山科3-6-60,1,,,36.529503,136.645737,
174,E1720100185111,四十万小学校,石川県金沢市四十万3-186,1,,,36.50276979,136.6175628,
175,E1720100186111,四十万公民館,石川県金沢市四十万3-90,1,,,36.503597360304,136.61883165357,
176,E1720100194111,金沢海みらい図書館,石川県金沢市寺中町イ1-1,1,,,36.59428184,136.6043739,
177,E1720100204111,杜の里小学校,石川県金沢市若松町3-282,1,,,36.5573615,136.6864222,
178,E1720100206111,野田中学校,石川県金沢市若草町1-23,1,,,36.5441495,136.657608,
179,E1720100207111,城南市民体育館,石川県金沢市若草町1-60,1,,,36.544331,136.656789,
180,E1720100210111,城南公民館,石川県金沢市若草町22-12,1,,,36.54172445,136.6612,
181,E1720100211111,十一屋小学校,石川県金沢市十一屋町3-45,1,,,36.5450108,136.6609902,
182,E1720100216111,諸江公民館,石川県金沢市諸江町29-1,1,,,36.59062966,136.6415363,
183,E1720100219111,浅野川中学校,石川県金沢市諸江町下丁388,1,,,36.60261397,136.6491542,
184,E1720100222111,城北児童会館,石川県金沢市小坂町西8-11,1,,,36.589572678426,136.67189638711,
185,E1720100224111,小坂小学校,石川県金沢市小坂町中142,1,,,36.59010151,136.6776713,
186,E1720100225111,星稜高校,石川県金沢市小坂町南206,1,,,36.58495928,136.6824429,
187,E1720100227111,小坂公民館,石川県金沢市小坂町北312,1,,,36.593443,136.675689,
188,E1720100228111,北鳴中学校,石川県金沢市小坂町北95,1,,,36.59512422,136.6764992,
189,E1720100231111,キゴ山ふれあい研修センター青少年交流棟,石川県金沢市小豆沢町ヲ4,1,,,36.52375634,136.7459503,
190,E1720100593111,金沢美術工芸大学,石川県金沢市小立野2-40-1,1,,,36.547561,136.681877,
191,E1720100233111,崎浦公民館,石川県金沢市小立野2-41-36,1,,,36.54680392,136.6804982,
192,E1720100235111,小立野公民館,石川県金沢市小立野4-7-51,1,,,36.550971,136.679032,
193,E1720100236111,小立野小学校,石川県金沢市小立野4-7-7,1,,,36.551585,136.678373,
194,E1720100240111,金沢大学（鶴間キャンパス）,石川県金沢市小立野5-11-80,1,,,36.55490268,136.6765663,
195,E1720100243111,金沢商業高校,石川県金沢市小立野5-4-1,1,,,36.55315583,136.6792867,
196,E1720100245111,松寺公民館,石川県金沢市松寺町丑42,1,,,36.60386147,136.6519044,
197,E1720100251111,大徳小学校,石川県金沢市松村町6-200,,,,36.59143314,136.6100386,
198,E1720100255111,金沢龍谷高校,石川県金沢市上安原町169-1,1,,,36.56604097,136.5862184,
199,E1720100259111,三和公民館,石川県金沢市上荒屋4-82,1,,,36.553753,136.593355,
200,E1720100264111,東浅川公民館,石川県金沢市上中町ニ14,1,,,36.5204318,136.7054949,
201,E1720100265111,湖南学院,石川県金沢市上中町ロ11-1,1,,,36.51739,136.703246,
202,E1720100266111,旧上平小学校,石川県金沢市上平町ハ25,1,,,36.62775862,136.773865,
203,E1720100267111,城南中学校,石川県金沢市城南1-24-1,1,,,36.543669,136.674374,
204,E1720100269111,石川県青少年総合研修センター,石川県金沢市常盤町212-1,1,,,36.56553,136.676437,
205,E1720100275111,新神田公民館,石川県金沢市新神田1-1-18,1,,,36.56397337,136.6356117,
206,E1720100271111,高岡中学校,石川県金沢市新神田1-10-1,1,,,36.56543712,136.635691,
207,E1720100272111,新神田小学校,石川県金沢市新神田1-10-58,1,,,36.56499942,136.6347753,
208,E1720100278111,旧新竪町小学校,石川県金沢市新竪町3-25,1,,,36.55570812,136.6568678,
209,E1720100279111,西南部中学校,石川県金沢市新保本1-149,1,,,36.55276413,136.6062103,
210,E1720100283111,森山公民館,石川県金沢市森山2-11-13,1,,,36.5794096,136.6690429,
211,E1720100285111,森山町小学校,石川県金沢市森山2-13-50,1,,,36.578354,136.668183,
212,E1720100293111,浅野川小学校,石川県金沢市須崎町チ42,1,,,36.6210696,136.6416554,
213,E1720100294111,大徳公民館,石川県金沢市畝田西1-201-1,1,,,36.59232097,136.6099615,
214,E1720100296111,市立工業高校,石川県金沢市畝田東1-1-1,1,,,36.59179339,136.615675,
215,E1720100299111,金沢西高校,石川県金沢市畝田東3-526,1,,,36.59621236,136.6180191,
216,E1720100300111,西南部公民館,石川県金沢市西金沢3-684,1,,,36.55473086,136.6122129,
217,E1720100307111,西公民館,石川県金沢市西念2-34-9,1,,,36.586902,136.640583,
218,E1720100310111,近江町いちば館,石川県金沢市青草町88,1,,,36.57151325,136.655908,
219,E1720100311111,千坂公民館,石川県金沢市千木1-119,1,,,36.60578084,136.6741686,
220,E1720100312111,千坂小学校,石川県金沢市千木1-125,1,,,36.60575006,136.6753219,
221,E1720100318111,金沢高校,石川県金沢市泉本町3-111,1,,,36.55061631,136.6353428,
222,E1720100319111,清泉中学校,石川県金沢市泉本町3-3,1,,,36.54805464,136.6362932,
223,E1720100320111,金沢中央高校,石川県金沢市泉本町6-105,1,,,36.554056,136.638876,
224,E1720100323111,金沢泉丘高校,石川県金沢市泉野出町3-10-10,1,,,36.538141,136.648931,
225,E1720100325111,市総合体育館,石川県金沢市泉野出町3-8-1,1,,,36.53994487,136.6502078,
226,E1720100328111,旧東浅川小学校,石川県金沢市浅川町イ140-1,1,,,36.518645,136.706788,
227,E1720100331111,北陸大学,石川県金沢市太陽が丘1-1,1,,,36.52545366,136.7074872,
228,E1720100338111,大浦小学校,石川県金沢市大浦町ヌ87,1,,,36.623324,136.653178,
229,E1720100339111,大浦公民館,石川県金沢市大浦町ヌ93-1,,,,36.624405750715,136.65315873213,
230,E1720100342112,浅野川公民館,石川県金沢市大河端西1-96,1,,,36.61532814,136.6396038,
231,E1720100342111,浅野川市民体育館,石川県金沢市大河端西1-96,1,,,36.61479179,136.6399429,
232,E1720100345111,大桑防災拠点広場,石川県金沢市大桑3-80,1,,,36.53645755,136.6766789,
233,E1720100347121,万寿苑,石川県金沢市大桑町ヤ1-4,1,,高齢者（65歳以上）及び障害のある方のうち、指定一般避難所において市が特定し、環境調整を事前に行った者及びその家族等,36.52532371,136.6771646,
234,E1720100350111,金沢向陽高校,石川県金沢市大場町東590,1,,,36.62400924,136.687387,
235,E1720100352111,金沢桜丘高校,石川県金沢市大樋町16-1,1,,,36.58336475,136.6789926,
236,E1720100354111,大野町小学校,石川県金沢市大野町1-15,1,,,36.610353,136.603321,
237,E1720100355111,大野町公民館,石川県金沢市大野町1-8-5,1,,,36.61082998,136.6029001,
238,E1720100359111,いしかわ総合スポーツセンター,石川県金沢市稚日野町北222,1,,,36.579353,136.598409,
239,E1720100361111,中村町公民館,石川県金沢市中村町10-35,1,,,36.55943517,136.6419275,
240,E1720100362111,中村町小学校,石川県金沢市中村町26-12,1,,,36.56086196,136.6420037,
241,E1720100365111,長坂台小学校,石川県金沢市長坂3-14-1,1,,,36.53498815,136.6573609,
242,E1720100591111,金沢市立長町中学校,石川県金沢市長町1-10-35,1,,,36.567365,136.650269,
243,E1720100372111,長町公民館,石川県金沢市長町2-2-16,1,,,36.56335101,136.6492396,
244,E1720100375111,中央公民館長町館,石川県金沢市長町2-2-43,1,,,36.56317135,136.650077,
245,E1720100376112,長土塀公民館,石川県金沢市長町3-3-3,1,,,36.567177903799,136.64535546567,
246,E1720100376111,長土塀青少年交流センター,石川県金沢市長町3-3-3,1,,,36.567040036712,136.64536621354,
247,E1720100376113,中央市民体育館,石川県金沢市長町3-3-3,1,,,36.56651068,136.6455649,
248,E1720100378111,長田町小学校,石川県金沢市長田1-5-40,1,,,36.5753721,136.6422278,
249,E1720100379111,長田町公民館,石川県金沢市長田1-5-50,1,,,36.57585732,136.6429925,
250,E1720100385111,鞍月公民館,石川県金沢市直江南1-1,1,,,36.60297385,136.6329164,
251,E1720100390111,金沢工業大学天池自然学苑体育館,石川県金沢市天池町3,1,,,36.50380372,136.6940383,
252,E1720100391111,兼六中学校,石川県金沢市田井町12-12,1,,,36.5595,136.680178,
253,E1720100397111,田上小学校,石川県金沢市田上の里2-1,1,,,36.54621952,136.6931889,
254,E1720100398111,田上公民館,石川県金沢市田上の里2-3,1,,,36.54544025,136.6920642,
255,E1720100592111,金沢市立朝霧台小学校,石川県金沢市田上本町4-28,1,,,36.537398,136.694923,
256,E1720100405111,城東市民体育館,石川県金沢市土清水2-346,1,,,36.524789,136.691267,
257,E1720100408111,金沢大学附属特別支援学校,石川県金沢市東兼六町2-10,1,,,36.56272893,136.6660535,
258,E1720100411111,旧馬場小学校,石川県金沢市東山3-9-30,1,,,36.57469694,136.6654887,
259,E1720100412111,馬場公民館,石川県金沢市東山3-9-35,1,,,36.57444688,136.6650806,
260,E1720100415111,夕日寺小学校,石川県金沢市東長江町に17,1,,,36.57756841,136.6923801,
261,E1720100417111,千寿閣,石川県金沢市東長江辺2-1,,,,36.567396487405,136.68925051588,
262,E1720100419111,米丸小学校,石川県金沢市東力町ニ155,1,,,36.56565859,136.6200031,
263,E1720100420111,西部市民体育会館,石川県金沢市東力町ハ250,1,,,36.56299041,136.6198448,
264,E1720100421111,西部市民憩いの家,石川県金沢市東力町ハ256,1,,,36.56320154,136.6192869,
265,E1720100424111,湯涌小学校,石川県金沢市湯涌荒屋町23,1,,,36.4916648,136.7535371,
266,E1720100424112,芝原中学校,石川県金沢市湯涌荒屋町23,1,,,36.491789,136.753448,
267,E1720100428111,鞍月小学校,石川県金沢市南新保町リ27-1,1,,,36.60173266,136.632538,
268,E1720100430111,森本小学校,石川県金沢市南森本町イ24,1,,,36.62277274,136.693158,
269,E1720100431111,森本公民館,石川県金沢市南森本町チ103-1,1,,,36.61666181,136.6933504,
270,E1720100434111,長田中学校,石川県金沢市二宮町1-1,1,,,36.58515234,136.6290747,
271,E1720100436111,医王山公民館,石川県金沢市二俣町6-14-9,1,,,36.56207208,136.7619483,
272,E1720100439111,医王山中学校,石川県金沢市二俣町さ21,,,,36.555661,136.7598188,
273,E1720100439112,医王山小学校,石川県金沢市二俣町さ21,,,,36.555475,136.7598309,
274,E1720100441111,扇台公民館,石川県金沢市馬替1-29-1,1,,,36.52207424,136.6241346,
275,E1720100443111,扇台小学校,石川県金沢市馬替1-34,1,,,36.5227621,136.625436,
276,E1720100447111,湖南公民館,石川県金沢市八田町東1459-1,1,,,36.63313925,136.6860875,
277,E1720100449111,押野小学校,石川県金沢市八日市1-175,1,,,36.545862,136.609351,
278,E1720100450111,押野公民館,石川県金沢市八日市2-464,1,,,36.54604761,136.6085786,
279,E1720100454111,西南部小学校,石川県金沢市八日市出町304,1,,,36.55584761,136.6082487,
280,E1720100456111,北陸学院高校,石川県金沢市飛梅町1-10,1,,,36.55931295,136.6669678,
281,E1720100458111,紫錦台中学校,石川県金沢市飛梅町3-30,1,,,36.55800258,136.6687807,
282,E1720100462111,瓢箪町公民館,石川県金沢市彦三2-10-5,,,,36.57577223,136.6573991,
283,E1720100463111,中央公民館彦三館,石川県金沢市彦三町1-15-5,1,,,36.574714180001,136.65955864466,
284,E1720100466111,俵公民館,石川県金沢市俵町ツ63-2,1,,,36.53439134,136.725048,
285,E1720100468111,俵芸術交流スタジオ,石川県金沢市俵町ヘ乙22,1,,,36.53429257,136.72367,
286,E1720100469111,明成小学校,石川県金沢市瓢箪町5-48,1,,,36.57681177,136.6572885,
287,E1720100471111,不動寺小学校,石川県金沢市不動寺町イ33,1,,,36.60856275,136.7083715,
288,E1720100472111,薬師谷公民館,石川県金沢市不動寺町イ34-1,1,,,36.60805464,136.7086834,
289,E1720100484111,安原公民館,石川県金沢市福増町北1067,1,,,36.56788943,136.5803639,
290,E1720100485111,安原小学校,石川県金沢市福増町北1087,1,,,36.56697,136.579381,
291,E1720100487111,キゴ山ふれあい研修センターこども交流棟,石川県金沢市平等本町カ13-1,1,,,36.51797256,136.7429247,
292,E1720100489111,金沢大学附属中学校,石川県金沢市平和町1-1-15,1,,,36.53749571,136.6656569,
293,E1720100489112,金沢大学附属小学校,石川県金沢市平和町1-1-15,1,,,36.53671885,136.665952,
294,E1720100489113,金沢大学附属高校,石川県金沢市平和町1-1-15,1,,,36.53871218,136.6641995,
295,E1720100493111,米泉小学校,石川県金沢市米泉町4-133-2,1,,,36.54574359,136.6281777,
296,E1720100495111,金沢伏見高校,石川県金沢市米泉町5-85,1,,,36.549195,136.627877,
297,E1720100496111,米泉公民館,石川県金沢市米泉町8-126,1,,,36.55053794,136.6264888,
298,E1720100497112,内川小学校,石川県金沢市別所町ヰ18,,,,36.504468,136.676,
299,E1720100497111,内川中学校,石川県金沢市別所町ヰ18,,,,36.504322,136.6760192,
300,E1720100502111,いしかわ子ども交流センター,石川県金沢市法島町11-8,1,,,36.54596678,136.6633576,
301,E1720100594111,芳斎公民館,石川県金沢市芳斉2-3-43,1,,,36.572117,136.648943,
302,E1720100595111,金沢市立長町中学校芳斎分校・中央小学校芳斎分校,石川県金沢市芳斉2-3-8,1,,,36.572497,136.649421,
303,E1720100508111,諸江町小学校,石川県金沢市北安江2-25-1,1,,,36.58863496,136.647934,
304,E1720100511111,金沢勤労者プラザ,石川県金沢市北安江3-2-20,1,,,36.58314476,136.6465801,
305,E1720100515111,二塚公民館,石川県金沢市北塚町西98,1,,,36.57274608,136.5971755,
306,E1720100517111,遊学館高校,石川県金沢市本多町2-2-3,1,,,36.55548772,136.661214,
307,E1720100519111,県立工業高校,石川県金沢市本多町2-3-6,1,,,36.55609278,136.6622834,
308,E1720100523111,金沢学院大学附属高校,石川県金沢市末町10,1,,,36.514198,136.695483,
309,E1720100523112,金沢学院大学,石川県金沢市末町10,1,,,36.51734926,136.6954533,
310,E1720100524111,犀生中学校,石川県金沢市末町10-4,1,,,36.514617,136.699816,
311,E1720100527111,犀川小学校,石川県金沢市末町2-148,1,,,36.51148505,136.6980626,
312,E1720100529111,犀川公民館,石川県金沢市末町6-67-1,1,,,36.51690805,136.688191,
313,E1720100531111,金沢辰巳丘高校,石川県金沢市末町ニ18,1,,,36.52031251,136.6913658,
314,E1720100542111,城北市民体育館,石川県金沢市鳴和2-10-44,1,,,36.58749431,136.6699115,
315,E1720100543111,鳴和中学校,石川県金沢市鳴和2-10-60,1,,,36.58673713,136.6714629,
316,E1720100547111,鳴和台市民体育会館,石川県金沢市鳴和台285,1,,,36.57702167,136.6792616,
317,E1720100550111,木曳野小学校,石川県金沢市木曳野1-1,1,,,36.59778808,136.6036563,
318,E1720100551111,城西市民体育館,石川県金沢市木曳野1-3,1,,,36.5979662,136.6029913,
319,E1720100557112,旧野町小学校,石川県金沢市野町3-11-1,1,,,36.55282538,136.6481028,
320,E1720100557111,野町公民館,石川県金沢市野町3-11-1,1,,,36.553143,136.647406,
321,E1720100563111,泉中学校,石川県金沢市弥生1-26-1,1,,,36.54923407,136.6454383,
322,E1720100563112,泉小学校,石川県金沢市弥生1-26-1,1,,,36.54972789,136.6463718,
323,E1720100565111,弥生公民館,石川県金沢市弥生1-29-13,1,,,36.54936094,136.6446655,
324,E1720100568111,森本中学校,石川県金沢市弥勒町ヨ22,1,,,36.61585074,136.6915604,
325,E1720100569111,森本市民体育館,石川県金沢市弥勒町ヨ50-1,1,,,36.61582909,136.6925308,
326,E1720100571111,三和小学校,石川県金沢市矢木1-74,1,,,36.55799981,136.5967497,
327,E1720100577111,南小立野小学校,石川県金沢市涌波2-5-1,1,,,36.537336,136.681568,
328,E1720100579111,夕日寺公民館,石川県金沢市夕日寺町ロ35,1,,,36.57264161,136.705598,
329,E1720100580111,金沢二水高校,石川県金沢市緑が丘20-15,1,,,36.54106419,136.6582053,
330,E1720100581111,泉野小学校,石川県金沢市緑が丘4-64,1,,,36.54222617,136.6542223,
331,E1720100583111,新竪町公民館,石川県金沢市鱗町62,1,,,36.55589341,136.6569,
332,E1746100001111,旭ヶ丘婦人ホーム,石川県穴水町字旭ケ丘に17,,,,37.223915491724,136.98330168101,
333,E1746100002111,伊久留集会所,石川県穴水町字伊久留ヨ6,1,,,37.278108158119,136.9813701717,
334,E1746100005111,諸橋公民館,石川県穴水町字宇加川イ142,1,,,37.224705607751,137.06575751238,
335,E1746100006111,宇加川集会所,石川県穴水町字宇加川ル61,1,,,37.225464487433,137.06693991731,
336,E1746100008111,宇留地地区集会所,石川県穴水町字宇留地ツ101-1,1,,,37.230345853539,136.87948751685,
337,E1746100011111,沖波集会所,石川県穴水町字沖波ホ338,1,,,37.208882041029,137.05694374438,
338,E1746100013111,乙ヶ崎集会所,石川県穴水町字乙ケ崎ホ43,,,,37.22063514052,136.90737810558,
339,E1746100017111,下唐川集会所,石川県穴水町字下唐川へ18-1,,,,37.247723287544,136.85993927236,
340,E1746100021111,岩車集会所,石川県穴水町字岩車チ141,1,,,37.216276574685,136.95428310607,
341,E1746100026111,古君集会所,石川県穴水町字古君ハ47,,,,37.235845745022,137.07172583742,
342,E1746100028111,甲地区生涯学習センター,石川県穴水町字甲レ155,1,,,37.20582724457,137.02479397465,
343,E1746100032111,此木集会所,石川県穴水町字此木10-75,,,,37.244020463974,136.90080239326,
344,E1746100034111,島崎地区集会所,石川県穴水町字根木イ103,1,,,37.19646488333,136.90903452677,
345,E1746100037111,山中集会所,石川県穴水町字山中ル15,1,,,37.233508214736,137.01288162931,
346,E1746100039121,朱鷺の苑,石川県穴水町字志ケ浦15-1-3,1,,高齢者,37.202563769441,136.89908381576,
347,E1746100041111,志ヶ浦コミュニティセンター,石川県穴水町字志ケ浦い36,1,,,37.204046188089,136.90756424264,
348,E1746100044111,鹿島地区コミュニティセンター,石川県穴水町字鹿島33-1,,,,37.18480947504,136.89889774562,
349,E1746100048111,旧鹿波小学校,石川県穴水町字鹿波54-95-1,,,,37.202334167322,136.988191472,
350,E1746100049111,鹿波集会所,石川県穴水町字鹿波55-196,,,,37.202290433173,136.98560816586,
351,E1746100051111,上中集会所,石川県穴水町字上中7-60,1,,,37.240341150951,136.81753261533,
352,E1746100053111,新崎地区集会所,石川県穴水町字新崎2-144,,,,37.202021928366,136.9252199136,
353,E1746100054111,瑞鳳集会所,石川県穴水町字瑞鳳い58,1,,,37.248660928833,136.95376075572,
354,E1746100056111,菅谷樟谷地区活性化施設,石川県穴水町字菅谷い56,,,,37.292046265189,136.98302032013,
355,E1746100060111,穴水町林業センター,石川県穴水町字川島サ29,1,,,37.231105789746,136.9099887859,
356,E1746100063111,穴水町保健センター,石川県穴水町字川島タ38,1,,,37.233405675635,136.91024989902,
357,E1746100063112,穴水町老人保健施設,石川県穴水町字川島タ38,1,,,37.233414227634,136.91010405388,
358,E1746100066111,穴水町あすなろ広場,石川県穴水町字川島ツ127-1,,,,37.226415481024,136.91304159744,
359,E1746100069111,穴水町役場,石川県穴水町字川島ラ174,1,,,37.230956256779,136.91239309426,
360,E1746100070111,歴史民俗資料館,石川県穴水町字川島ラ197-15,,,,37.228077796028,136.91590045754,
361,E1746100071111,キャッスル真名井,石川県穴水町字川島井61-1,1,,,37.222908325036,136.91799791066,
362,E1746100074111,前波集会所,石川県穴水町字前波ホ177-1,1,,,37.219409300845,137.06753204533,
363,E1746100076111,曽福集会所,石川県穴水町字曽福チ71,,,,37.174551220135,136.89362958988,
364,E1746100080111,旧兜小学校,石川県穴水町字曽良4-7-1,,,,37.19451,137.023453,
365,E1746100081111,曽良集会所,石川県穴水町字曽良ヌ32,,,,37.191797336726,137.01974936758,
366,E1746100084111,さわやか交流館プルート,石川県穴水町字大町ト3-3,,,,37.22838074997,136.90563121857,
367,E1746100085111,穴水中学校,石川県穴水町字大町ヌ201,1,,,37.230378578143,136.8996293869,
368,E1746100089111,来迎寺地区集会所,石川県穴水町字大町ヨ191,1,,,37.226271990972,136.89428056204,
369,E1746100090111,穴水町放課後児童福祉施設,石川県穴水町字大町ロ140-1,,,,37.226991982355,136.90830643631,
370,E1746100091111,穴水小学校,石川県穴水町字大町ロ165-1,1,,,37.227362741661,136.90750156538,
371,E1746100094111,Ｂ＆Ｇ武道館,石川県穴水町字大町ロ19,1,,,37.227621890216,136.90811616401,
372,E1746100094112,Ｂ＆Ｇ体育館,石川県穴水町字大町ロ19,1,,,37.227344251606,136.90830391864,
373,E1746100101111,住吉農村環境改善センター,石川県穴水町字中居ロ100,1,,,37.232139011146,136.94629651979,
374,E1746100103111,中居鋳物会館,石川県穴水町字中居ロ110,,,,37.232329821653,136.94646724126,
375,E1746100104111,中居地区活性化施設,石川県穴水町字中居南1-150,,,,37.228678747996,136.94467636312,
376,E1746100109111,のとふれあい文化センター,石川県穴水町字内浦5-28-3,1,,,37.223063001056,136.92200636893,
377,E1746100110111,梶・波志借集会所,石川県穴水町字波志借ロ11,1,,,37.242508820481,136.94053837947,
378,E1746100113111,比良地区集会所,石川県穴水町字比良,1,,,37.237131446407,136.96288132861,
379,E1746100116111,旧向洋中学校,石川県穴水町字比良い50,1,,,37.234497204249,136.96675826247,
380,E1746100114111,向洋小学校,石川県穴水町字比良イ24,1,,,37.234475880479,136.9514374766,
381,E1746100122111,明千寺集会所,石川県穴水町字明千寺カ70,,,,37.229503200498,137.05855082441,
382,E1746100125111,木原地区集会所,石川県穴水町字木原ろ159,,,,37.283019873975,136.96019955695,
383,E1746100124111,藤巻集会所,石川県穴水町字木原リ－３７甲,,,,37.27676877296,136.95626339294,
384,E1746100128111,由比ヶ丘会館,石川県穴水町字由比ケ丘は2-9,1,,,37.231207891417,136.92032875819,
385,E1738400001121,デイサービスセンター　アイリス,石川県志賀町給分ニ27-1,,,要配慮者のうち、町が特定した者,37.1509685309369,136.72589947665,
386,E1738400001122,特別養護老人ホーム　アイリス,石川県志賀町給分ニ27-1,,,要配慮者のうち、町が特定した者,37.1509907644622,136.725815791547,
387,E1738400002112,志賀町文化ホール,石川県志賀町高浜町カ1-1,1,,,37.0103457570766,136.775277166009,
388,E1738400002111,志賀町保健福祉センター,石川県志賀町高浜町カ1-1,1,,,37.010526954496,136.774934379739,
389,E1738400003111,志賀高等学校,石川県志賀町高浜町ノ170,1,,,37.0013359774994,136.771626858609,
390,E1738400004121,志賀町デイサービスセンター,石川県志賀町高浜町レ24-1,,,要配慮者のうち、町が特定した者,37.0075149217751,136.77226856723,
391,E1738400005111,稗造防災センター,石川県志賀町今田2-15,1,,,37.166640940161,136.782792430596,
392,E1738400006111,西浦防災センター,石川県志賀町鹿頭と122-1,1,,,37.1797714972476,136.683079410253,
393,E1738400008121,はまなす園富来デイサービスセンター,石川県志賀町酒見河原51,,,要配慮者のうち、町が特定した者,37.152591424588,136.701442908886,
394,E1738400009111,地域交流センター,石川県志賀町西山台1-1,1,,,37.0071950453655,136.799610943568,
395,E1738400010121,はまなす園デイサービスセンター,石川県志賀町赤住ハ4-1,,,要配慮者のうち、町が特定した者,37.0497653883782,136.740531735515,
396,E1738400011111,富来小学校,石川県志賀町相神に80,1,,,37.1563485748107,136.717613791111,
397,E1738400012111,志賀町総合武道館,石川県志賀町町ヘ１の1,1,,,37.0247411512664,136.76345342618,
398,E1738400013111,旧下甘田保育園,石川県志賀町二所宮ノ59-2,1,,,36.984130455927,136.808117233143,
399,E1738400014111,富来防災センター,石川県志賀町富来高田2-41,1,,,37.1437877600553,136.734204988878,
400,E1738400015111,富来中学校,石川県志賀町富来領家町ハ1,1,,,37.1447740262239,136.728851390611,
401,E1738400016111,富来活性化センター,石川県志賀町富来領家町甲10,1,,,37.1441634341959,136.725376053037,
402,E1738400017111,旧福浦小学校,石川県志賀町福浦港4-4-2,1,,,37.0774592305572,136.723508816199,
403,E1738400018121,グループホーム　あじさい,石川県志賀町仏木ク15-20,,,要配慮者のうち、町が特定した者,37.0529103306111,136.818039514427,
404,E1738400018122,介護老人保健施設　有縁の荘,石川県志賀町仏木ク15-20,,,要配慮者のうち、町が特定した者,37.0526919874849,136.818055607682,
405,E1738400019111,旧土田小学校,石川県志賀町仏木マ4,1,,,37.0549178540075,136.824423705784,
406,E1720200002111,北大呑地区コミュニティセンター,石川県七尾市庵町ウ23-2,1,,,37.040697,137.046191,
407,E1720200003111,大呑放課後児童クラブ,石川県七尾市庵町ヨ31,1,,,37.026317,137.04849,
408,E1720200004111,田鶴浜地区コミュニティセンター相馬分館,石川県七尾市伊久留町ム2,1,,,37.029418,136.889646,
409,E1720200005111,御祓地区コミュニティセンター,石川県七尾市一本杉町124,1,,,37.048276,136.961379,
410,E1720200007111,崎山地区コミュニティセンター,石川県七尾市鵜浦町下13-2,1,,,37.09718,137.046416,
411,E1720200128111,県立七尾特別支援学校,石川県七尾市下町己54,1,,,37.016603,136.93439,
412,E1720200009111,県立七尾東雲高等学校,石川県七尾市下町戊部12-1,1,,,37.01260339,136.929546,
413,E1720200010111,南部体育館,石川県七尾市下町戌17-1,1,,,37.01029786,136.9299021,
414,E1720200010112,朝日小学校,石川県七尾市下町戌17-1,1,,,37.00998087,136.9306692,
415,E1720200012111,田鶴浜地区コミュニティセンター,石川県七尾市垣吉町へ24,1,,,37.05977745,136.8949965,
416,E1720200014111,七尾市城山体育館,石川県七尾市後畠町後山4-5,1,,,37.02613,136.971205,
417,E1720200020121,小規模多機能型居宅介護施設あっとほーむコモド,石川県七尾市黒崎町へ部32,,,事前に市と施設で 特定した者（高齢者）,36.979852,137.050898,
418,E1720200019111,旧　涛南中学校,石川県七尾市黒崎町サ20-1,1,,,36.9945304,137.0519353,
419,E1720200022111,南大呑地区コミュニティセンター,石川県七尾市黒崎町関上野342-8,1,,,36.983159,137.048994,
420,E1720200023111,東湊小学校,石川県七尾市佐味町10-4,1,,,37.04707751,136.9982688,
421,E1720200024111,東湊地区コミュニティセンター,石川県七尾市佐味町ト2-3,1,,,37.048351,136.997601,
422,E1720200028111,山王小学校,石川県七尾市山王町ツ34,1,,,37.04153574,136.9743522,
423,E1720200029111,小丸山小学校,石川県七尾市小島町チ3,1,,,37.04682031,136.9534302,
424,E1720200033111,七尾総合市民体育館,石川県七尾市小島町西4,1,,,37.0438014,136.9525775,
425,E1720200034111,七尾市武道館,石川県七尾市小島町西5,1,,,37.043652,136.953459,
426,E1720200036111,県立田鶴浜高等学校,石川県七尾市上野ヶ丘町59,1,,,37.05936651,136.8832862,
427,E1720200038112,県立七尾高等学校,石川県七尾市西藤橋町エ1-1,1,,,37.04244158,136.9588461,
428,E1720200038111,県立七尾城北高等学校,石川県七尾市西藤橋町エ1-1,1,,,37.04330706,136.9595551,
429,E1720200039122,身体障害者施設青山彩光苑ライフサポートセンター,石川県七尾市青山町ろ22,,,事前に市と施設で特定した者（障害者）,37.04517613,136.9175541,
430,E1720200039121,短期入所事業青山彩光苑ライフサポートセンター,石川県七尾市青山町ろ22,,,事前に市と施設で特定した者（障害者）,37.04508194,136.9175809,
431,E1720200039123,身体障害者施設青山彩光苑リハビリテーションセンター,石川県七尾市青山町ろ22,,,事前に市と施設で特定した者（障害者）,37.04587404,136.9174307,
432,E1720200040111,和倉温泉運動公園,石川県七尾市石崎町チ32-1,1,,,37.0861186,136.9302632,
433,E1720200041111,能登香島中学校,石川県七尾市石崎町香島1-96,1,,,37.08027232,136.9277111,
434,E1720200042111,石崎小学校,石川県七尾市石崎町子40,1,,,37.07535065,136.9307696,
435,E1720200043121,特別養護老人ホームななみの里,石川県七尾市石崎町泉台1-1,,,事前に市と施設で特定した者（高齢者）,37.0827716,136.9302807,
436,E1720200044121,介護老人福祉施設千寿苑,石川県七尾市千野町に15,,,事前に市と施設で特定した者（高齢者）,37.01781444,136.9532228,
437,E1720200048111,ふれあいセンター山びこ荘,石川県七尾市多根町ハカノ谷内555-7,1,,,36.97558663,136.9608916,
438,E1720200051111,旧　高階保育園,石川県七尾市池崎町い23,1,,,37.03227177,136.9075896,
439,E1720200054111,中島お祭り資料館・伝承館,石川県七尾市中島町横田1-148,1,,,37.12917936,136.8324238,
440,E1720200055111,中島健康福祉センターすこやか,石川県七尾市中島町河崎ヌ50-1,1,,,37.10699768,136.8475366,
441,E1720200056111,旧　西岸小学校,石川県七尾市中島町外2-1,1,,,37.14846609,136.8778055,
442,E1720200057111,中島地区コミュニティセンター笠師保分館,石川県七尾市中島町笠師ミ63,1,,,37.09533354,136.8578042,
443,E1720200060121,介護老人保健施設寿老園,石川県七尾市中島町鹿島台は14-1,,,事前に市と施設で特定した者（高齢者）,37.13085316,136.8876204,
444,E1720200061121,秀楽苑デイサービスセンター,石川県七尾市中島町鹿島台は17-3,,,事前に市と施設で特定した者（高齢者）,37.13078901,136.8897876,
445,E1720200061123,特別養護老人ホーム秀楽苑,石川県七尾市中島町鹿島台は17-3,,,事前に市と施設で特定した者（高齢者）,37.13104562,136.8897769,
446,E1720200062121,七尾市生活支援ハウス白南風白南風デイサービスセンター,石川県七尾市中島町鹿島台は部14-4,,,事前に市と施設で 特定した者（高齢者）,37.131167,136.887627,
447,E1720200064111,中島地区コミュニティセンター西岸分館,石川県七尾市中島町小牧タ18-1,1,,,37.14221587,136.872366,
448,E1720200065111,中島小学校,石川県七尾市中島町上町チ26-2,1,,,37.12158291,136.8426196,
449,E1720200066112,中島地区コミュニティセンター熊木分館,石川県七尾市中島町上町ヲ113,1,,,37.12669439,136.8434716,
450,E1720200068111,中島地区コミュニティセンター釶打分館,石川県七尾市中島町西谷内ヘ98,1,,,37.1505928,136.8118985,
451,E1720200070111,中島体育館,石川県七尾市中島町中島甲63-1,1,,,37.12286802,136.8526304,
452,E1720200072111,中島文化センター,石川県七尾市中島町中島上9,1,,,37.12197596,136.8537019,
453,E1720200073111,中島釶打農林漁家高齢者センター,石川県七尾市中島町藤瀬3-122-1,1,,,37.14354,136.817944,
454,E1720200074111,中島地区コミュニティセンター豊川分館,石川県七尾市中島町豊田町ル13-1,1,,,37.10080169,136.833954,
455,E1720200127111,徳田地区コミュニティセンター,石川県七尾市中挾町リ3-1,1,,,37.01232499,136.9489551,
456,E1720200075111,高階地区コミュニティセンター,石川県七尾市町屋町ホ55,1,,,37.0327357,136.9019601,
457,E1720200076121,介護老人保健施設和光苑,石川県七尾市津向町ト107,,,事前に市と施設で特定した者（高齢者）,37.05612357,136.9553732,
458,E1720200077121,介護老人福祉施設エレガンテなぎの浦,石川県七尾市津向町ト107-4,1,,事前に市と施設で特定した者（高齢者）,37.05660569,136.9550701,
459,E1720200078121,ケアハウスアンジェリィなぎの浦,石川県七尾市津向町ト部107-4,,,事前に市と施設で特定した者（高齢者）,37.05649438,136.9551666,
460,E1720200078122,通所介護事業所エレガンテなぎの浦,石川県七尾市津向町ト部107-4,,,事前に市と施設で特定した者（高齢者）,37.05640501,136.9552467,
461,E1720200080111,西湊地区コミュニティセンター,石川県七尾市津向町松山1,1,,,37.05768562,136.9504753,
462,E1720200081111,郷橋ふれあいセンター,石川県七尾市殿町ル67,1,,,37.05059362,137.0231493,
463,E1720200082111,田鶴浜体育館,石川県七尾市田鶴浜町ニ144,1,,,37.060241,136.892649,
464,E1720200083111,健康福祉プラザさつき苑,石川県七尾市田鶴浜町ハ3,1,,,37.06234671,136.8893945,
465,E1720200084111,田鶴浜小学校,石川県七尾市田鶴浜町ホ365,1,,,37.05943238,136.8919372,
466,E1720200086121,通所介護事業所デイサービスセンターもみの木苑,石川県七尾市田鶴浜町リ27,,,事前に市と施設で特定した者（高齢者）,37.0644788,136.8881379,
467,E1720200089111,田鶴浜武道館,石川県七尾市田鶴浜町二63,1,,,37.06120195,136.8927539,
468,E1720200090111,旧　北嶺中学校,石川県七尾市湯川町3-68-2,1,,,37.0833376,137.0426073,
469,E1720200092111,七尾中学校,石川県七尾市藤橋町辰部52-1,1,,,37.037941,136.958597,
470,E1720200093111,七尾東部中学校,石川県七尾市藤野町リ1,1,,,37.02767123,136.969073,
471,E1720200097111,能登島地区コミュニティセンター,石川県七尾市能登島向田町ろ8-1,1,,,37.12605025,136.9965011,
472,E1720200096111,能登島小学校,石川県七尾市能登島向田町ロ15,1,,,37.12312104,136.9975073,
473,E1720200098112,能登島生涯学習総合センター,石川県七尾市能登島向田町五級63-1,1,,,37.12194051,136.9940151,
474,E1720200098111,能登島武道館立野,石川県七尾市能登島向田町五級63-1,1,,,37.12298819,136.9942345,
475,E1720200101121,特別養護老人ホームのとじま悠々ホーム,石川県七尾市能登島半浦町５部6-2,,,事前に市と施設で特定した者（高齢者）,37.12394261,136.9284527,
476,E1720200102121,ケアハウスビハーラの里,石川県七尾市能登島半浦町６部11-1,,,事前に市と施設で特定した者（高齢者）,37.12423773,136.9305877,
477,E1720200129121,ＬＡＢＯ,石川県七尾市白馬町70-1-27,,,事前に市と施設で協議した者（障害者）,37.020801,136.936378,
478,E1720200110112,矢田郷地区コミュニティセンター,石川県七尾市本府中町ヲ38,1,,,37.03283227,136.9692596,
479,E1720200110111,七尾市文化ホール,石川県七尾市本府中町ヲ38,1,,,37.03283227,136.9692596,
480,E1720200111111,天神山小学校,石川県七尾市本府中町天神山1,1,,,37.03158334,136.9746018,
481,E1720200114111,みなとふれあいスポーツセンター,石川県七尾市矢田新町ニ1-1,1,,,37.04963334,136.9776827,
482,E1720200117121,養護老人ホームあっとほーむ若葉,石川県七尾市矢田町２２号七株田12-5,,,事前に市と施設で特定した者（高齢者）,37.02547324,136.983108,
483,E1720200117122,特別養護老人ホーム　あっとほーむ若葉,石川県七尾市矢田町２２号七株田12-5,,,事前に市と施設で特定した者（高齢者）,37.02558888,136.9831133,
484,E1720200120121,小規模多機能型居宅介護施設サービス付き高齢者向け住宅あっとほーむレガーレ,石川県七尾市矢田町壱号261,,,事前に市と施設で 特定した者（高齢者）,37.040667,136.982996,
485,E1720200121111,和倉温泉お祭り会館,石川県七尾市和倉町2-13-1,1,,,37.086596,136.918707,
486,E1720200125111,和倉小学校,石川県七尾市和倉町ひばり3-90,1,,,37.08298126,136.9180105,
487,E1720200122111,和倉地区コミュニティセンター,石川県七尾市和倉町ク15-3,1,,,37.08551521,136.917208,
488,E1720500005111,みさき小学校,石川県珠洲市三崎町粟津ロ部10-1,,,,37.486845427535,137.33936706208,
489,E1720500010111,三崎中学校,石川県珠洲市三崎町宇治ヨ部114,,,,37.473803871575,137.34210876653,
490,E1720500011111,三崎公民館,石川県珠洲市三崎町宇治ヨ部114-13,,,,37.474055650854,137.34175703306,
491,E1720500013121,みさきデイサービスセンター,石川県珠洲市三崎町宇治ヲ部7,,,高齢者,37.468351955337,137.341176465782,
492,E1720500021111,金沢大学能登学舎（旧小泊小学校）,石川県珠洲市三崎町小泊33-7,1,,,37.451090823215,137.35899434336,
493,E1720500022122,美笑苑,石川県珠洲市三崎町小泊ト部3-1,,,高齢者,37.455076,137.357179,
494,E1720500026111,旧本小学校体育館,石川県珠洲市三崎町本17-47,1,,,37.466961795072,137.32168286741,
495,E1720500028111,若山小学校,石川県珠洲市若山町古蔵１１部100-1,,,,37.456533093673,137.2426803521,
496,E1720500030111,若山公民館,石川県珠洲市若山町古蔵寅部60-1,,,,37.456719494083,137.24143594482,
497,E1720500033111,旧上黒丸小学校,石川県珠洲市若山町上黒丸１０部34,,,,37.453589068193,137.16931935704,
498,E1720500034121,波の花デイサービスセンターサテライト,石川県珠洲市若山町上黒丸４字29-4,,,高齢者,37.4528368454837,137.171460046165,
499,E1720500037111,上戸公民館,石川県珠洲市上戸町寺社２字57-1,,,,37.427500392519,137.25136003969,
500,E1720500039111,上戸小学校,石川県珠洲市上戸町寺社５字74-2,,,,37.427109915298,137.24989899281,
501,E1720500047111,正院公民館,石川県珠洲市正院町正院２２部2-1,,,,37.444005836784,137.29413253632,
502,E1720500050111,正院小学校,石川県珠洲市正院町川尻１部39,,,,37.4455253645,137.29630704525,
503,E1720500053111,旧飯塚保育所,石川県珠洲市正院町飯塚は部57,,,,37.45987157534,137.28696773094,
504,E1720500058111,日置公民館,石川県珠洲市折戸町チ部34,,,,37.525433808495,137.28134383261,
505,E1720500064121,波の花デイサービスセンター,石川県珠洲市大谷町１字11-4,,,高齢者,37.5002607887968,137.173762594804,
506,E1720500065111,大谷小中学校,石川県珠洲市大谷町１字78,,,,37.500099160177,137.1762999914,
507,E1720500068111,大谷公民館,石川県珠洲市大谷町２字57-4,,,,37.501637771281,137.17406814679,
508,E1720500074111,蛸島公民館,石川県珠洲市蛸島町ヨ部139,,,,37.442973953959,137.31643702033,
509,E1720500076111,蛸島小学校,石川県珠洲市蛸島町ワ部69,,,,37.442959285985,137.31330381575,
510,E1720500085111,飯田公民館,石川県珠洲市飯田町１０部20-2,,,,37.439704104553,137.26324017247,
511,E1720500090111,飯田小学校,石川県珠洲市飯田町１９部61,,,,37.439908251877,137.25944326495,
512,E1720500120111,七尾特別支援学校珠洲分校,石川県珠洲市宝立町鵜飼6-20,1,,,37.403755,137.238205,
513,E1720500094111,宝立公民館,石川県珠洲市宝立町鵜飼卯部46,,,,37.40149007239,137.23930215746,
514,E1720500096111,宝立小中学校,石川県珠洲市宝立町鵜飼丑部83,,,,37.403228739069,137.23768210322,
515,E1720500098121,第三長寿園,石川県珠洲市宝立町鵜飼子字36-4,,,高齢者,37.4050301576571,137.239275630697,
516,E1720500100111,旧宝立小学校体育館,石川県珠洲市宝立町鵜島４字30,,,,37.396712693531,137.23662205819,
517,E1720500104121,長寿園,石川県珠洲市宝立町春日野４字117,,,高齢者,37.4112587996869,137.24031823764,
518,E1720500109111,飯田高等学校,石川県珠洲市野々江町1-1,1,,,37.446823,137.26718,
519,E1720500111111,緑丘中学校,石川県珠洲市野々江町６の部1,,,,37.445801916247,137.27286413945,
520,E1720500113111,直小学校,石川県珠洲市野々江町ニ部38-2,,,,37.443953870939,137.28169860789,
521,E1720500115111,直公民館,石川県珠洲市野々江町ホ部80-1,,,,37.443818527888,137.28012021231,
522,E1720300001111,芦城中学校,石川県小松市芦田町2-69,,,,36.404322693479,136.443116894438,
523,E1720300005111,西部地区体育館,石川県小松市安宅町安宅林4-112,,,,36.4158823515846,136.421855468122,
524,E1720300005112,安宅中学校,石川県小松市安宅町安宅林4-112,,,,36.415584484624,136.421404857024,
525,E1720300006111,安宅小学校,石川県小松市安宅町安宅林5,,,,36.4162423479106,136.421101048717,
526,E1720300008111,粟津小学校,石川県小松市井口町チ24,,,,36.335642498814,136.447938200484,
527,E1720300010111,矢田野小学校,石川県小松市下粟津町ク101-1,,,,36.3391480023502,136.426354896402,
528,E1720300012111,小松総合体育館,石川県小松市下牧町69,,,,36.4040272113212,136.437062213257,
529,E1720300013111,国府地区体育館,石川県小松市河田町ヌ18,,,,36.4163992841799,136.508814766804,
530,E1720300014111,国府小学校,石川県小松市河田町丁40-1,,,,36.4102851240367,136.511653155443,
531,E1720300015111,旧西尾小学校,石川県小松市観音下町ロ48,,,,36.3335307032218,136.526570252038,
532,E1720300017111,丸山研修センター,石川県小松市丸山町ヌ150,,,,36.2492769290861,136.539192706444,
533,E1720300018111,小松高校,石川県小松市丸内町二ノ丸15,,,,36.4118630260789,136.446995896434,
534,E1720300019111,小松商業高校,石川県小松市希望丘10,,,,36.3992376486472,136.498224487469,
535,E1720300020111,小松特別支援学校,石川県小松市金平町丁76,,,,36.3547140150389,136.507037297463,
536,E1720300021111,串小学校,石川県小松市串町乙1-1,,,,36.370511225493,136.422518181269,
537,E1720300022111,中海地区体育館,石川県小松市軽海町弐1-4,,,,36.3963475717063,136.508892679593,
538,E1720300023111,中海中学校,石川県小松市軽海町弐4-1,,,,36.3975436480331,136.509000336041,
539,E1720300024111,月津小学校,石川県小松市月津町ユ113,,,,36.3523422671181,136.404213582357,
540,E1720300090121,こども通所センターふれんど,石川県小松市月津町ヲ94-10,,受入対象者は、上記の者のうち、事前に市が特定し、環境調整を事前に行った者及びその家族等,当該施設を利用する障害児,36.3523732,136.4151624,
541,E1720300025111,犬丸小学校,石川県小松市犬丸町甲61,,,,36.4279823822647,136.459320447483,
542,E1720300026111,向本折小学校,石川県小松市向本折町寅188,,,,36.3925395267112,136.443791765833,
543,E1720300027111,松東みどり学園,石川県小松市江指町丙30,,,,36.360158,136.491472,
544,E1720300028111,荒屋小学校,石川県小松市荒屋町ほ1,,,,36.4328967361138,136.473608000333,
545,E1720300031111,今江小学校,石川県小松市今江町6-167,,,,36.3802009303196,136.437070260707,
546,E1720300032111,武道館,石川県小松市桜木町104-3,,,,36.4044338903195,136.439421012881,
547,E1720300034111,小松大学粟津キャンパス,石川県小松市四丁町ヌ1-3,,,,36.3548308948867,136.417189974449,
548,E1720300035111,丸内中学校,石川県小松市小寺町甲27,,,,36.4140169759093,136.452519567021,
549,E1720300036111,国府中学校,石川県小松市小野町己152-2,,,,36.4134165101021,136.505904349763,
550,E1720300037111,板津中学校,石川県小松市松梨町丙8,,,,36.4243942450404,136.461337692778,
551,E1720300038111,小松瀬領特別支援学校,石川県小松市瀬領町丁138-1,,,,36.3298387695173,136.486223524578,
552,E1720300039111,東陵小学校,石川県小松市西軽海町1-41,,,,36.3991944703439,136.500874509975,
553,E1720300042111,芦城小学校,石川県小松市西町25,,,,36.4047656507601,136.446444055624,
554,E1720300043111,西俣自然教室,石川県小松市西俣町ニ301,,,,36.3069844547692,136.517419886754,
555,E1720300044111,小松産業技術専門校,石川県小松市青路町130,,,,36.3652731271377,136.427995679914,
556,E1720300046111,御幸中学校,石川県小松市村松町50,,,,36.3726352144962,136.415214583038,
557,E1720300047111,御幸地区体育館,石川県小松市村松町丙67,,,,36.3739270984279,136.417094991379,
558,E1720300048111,小松工業高校,石川県小松市打越町丙67,,,,36.4001406225895,136.472126879617,
559,E1720300049111,里山自然学校大杉みどりの里,石川県小松市大杉町イ98,,,,36.2533396407834,136.491300266485,
560,E1720300050111,北部地区体育館,石川県小松市大川町2-12,,,,36.4142155210487,136.45139967239,
561,E1720300097121,株式会社ｓｐｒｏｕｔ,石川県小松市大島町乙77,,受入対象者は，当該施設を利用する障害者のうち，事前に市が特定し，環境調整を事前に行った者及びその家族等,当該施設を利用する障害者,36.429315,136.448151,
562,E1720300051111,小松市民センター,石川県小松市大島町丙42-3,,,,36.423232381913,136.446395901631,
563,E1720300052111,旧金野小学校,石川県小松市大野町子43,,,,36.3647421003543,136.496629619986,
564,E1720300054111,松陽地区体育館,石川県小松市大領町な66,,,,36.3865978750617,136.453287765549,
565,E1720300053111,松陽中学校,石川県小松市大領町イ103,,,,36.3889524082898,136.449588013519,
566,E1720300055111,里山自然学校こまつ滝ケ原,石川県小松市滝ケ原町ウ20,,,,36.2975417611582,136.424696284171,
567,E1720300056111,中海小学校,石川県小松市中海町山林ニ8-1,,,,36.3975950310111,136.518717999636,
568,E1720300058111,ふれあい松東,石川県小松市長谷町49,,,,36.3574377491314,136.485428843895,
569,E1720300059111,板津地区体育館,石川県小松市長田町ル146,,,,36.4240345272406,136.463939776015,
570,E1720300061111,稚松小学校,石川県小松市殿町2-7,,,,36.4107476876585,136.449000753287,
571,E1720300064111,團十郎芸術劇場うらら,石川県小松市土居原町710,,,,36.4031639320623,136.452205145478,
572,E1720300066111,南部中学校,石川県小松市島町ヌ43,,,,36.348903967114,136.42565394334,
573,E1720300067111,小松北高校,石川県小松市島田町イ85-1,,,,36.421396536613,136.462830856561,
574,E1720300068111,那谷小学校,石川県小松市那谷町ユ54-1,,,,36.3142172853306,136.423171614746,
575,E1720300069111,日末小学校,石川県小松市日末町ニ52,,,,36.3805469360307,136.400008329435,
576,E1720300070111,能美小学校,石川県小松市能美町ソ51,,,,36.4110618111005,136.482676734576,
577,E1720300071111,旧波佐谷小学校体育館,石川県小松市波佐谷町子27,,,,36.3378355718558,136.479370104467,
578,E1720300072111,第一小学校,石川県小松市白江町ハ73-1,,,,36.4033326371371,136.476880035782,
579,E1720300073111,小松市立高校,石川県小松市八幡ト1,,,,36.3991825839896,136.493600046813,
580,E1720300075111,符津小学校,石川県小松市符津町ハ100,,,,36.3570593850269,136.43179031354,
581,E1720300076111,いしかわ子ども交流センター小松館,石川県小松市符津町念仏3-1,1,,,36.3550861815177,136.419925932589,
582,E1720300077111,小松サン・アビリティーズ,石川県小松市符津町念仏ケ2-7,,,,36.3541184325847,136.418284420679,
583,E1720300079111,小松明峰高校,石川県小松市平面町ヘ72,,,,36.4175406022633,136.466977923985,
584,E1720300080111,苗代小学校,石川県小松市北浅井町ヌ16-1,,,,36.3884481864657,136.464825068405,
585,E1720300082111,末広体育館,石川県小松市末広町72,,,,36.4025352116678,136.441258944374,
586,E1720300084111,木場小学校,石川県小松市木場町わ1,,,,36.3539597919159,136.447756412957,
587,E1720300083111,木場潟スポーツ研修センター,石川県小松市木場町ユ3-7,,,,36.3638381440432,136.453678705686,
588,E1720300085111,南部地区児童体育館,石川県小松市矢田野町ホ10,,,,36.3487606917598,136.425079153053,
589,E1720300086121,矢田野ファクトリー,石川県小松市矢田野町ミ30,,受入対象者は，左記の者のうち，事前に市が特定し，環境調整を事前に行った者及びその家族等,精神障害者（発達障害を含む），知的障害者及び身体障害者,36.337094,136.419958,
590,E1720300088111,こまつドーム,石川県小松市林町ほ5,1,,,36.3389080906457,136.434404706104,
591,E1720300089111,蓮代寺小学校,石川県小松市蓮代寺町ハ丙16,,,,36.3749998353424,136.469786485916,
592,E1732400001111,川北中学校,石川県川北町字壱ツ屋チ82,1,,,36.4725606413057,136.543524447045,
593,E1732400016111,川北町武道館,石川県川北町字壱ツ屋チ85,1,,,36.472163,136.543833,
594,E1732400002111,川北小学校,石川県川北町字壱ツ屋ヲ25-1,1,,,36.4721786042797,136.544487148233,
595,E1732400004111,橘小学校,石川県川北町字橘ソ68,1,,,36.4730260299318,136.508898425954,
596,E1732400005111,西部地区学習等供用施設,石川県川北町字橘ロ59-1,1,,,36.4747526661615,136.513102093171,
597,E1732400007121,西部地区児童館,石川県川北町字橘平44,1,,要配慮者、幼児、妊婦等,36.4730384707866,136.509603439726,
598,E1732400007111,西部地区児童館,石川県川北町字橘平44,1,,,36.4730384707866,136.509603439726,
599,E1732400008121,東部地区児童館,石川県川北町字中島へ2-1,1,,要配慮者、幼児、妊婦等,36.4635415553373,136.587287210729,
600,E1732400008111,東部地区児童館,石川県川北町字中島へ2-1,1,,,36.46354155537,136.58721073,
601,E1732400010111,東部地区学習等供用施設,石川県川北町字中島ワ128-2,1,,,36.4649749382618,136.584819229192,
602,E1732400012111,中島小学校,石川県川北町字中島ワ17,1,,,36.4646072973749,136.586432506774,
603,E1732400013111,川北町児童館,石川県川北町字土室丙129-1,1,,,36.473139109939,136.54523181207,
604,E1732400013121,川北町児童館,石川県川北町字土室丙129-1,1,,要配慮者、幼児、妊婦等,36.4730384707859,136.544796704203,
605,E1740700001111,鹿島体育センター,石川県中能登町井田い部34,1,,,36.966194,136.916552,
606,E1740700002111,生涯学習センター「ラピア鹿島」,石川県中能登町井田に部50,1,,,36.968668,136.911161,
607,E1740700005111,ふるさと創修館,石川県中能登町一青こ部19-1,1,,,36.987913558361,136.89958866138,
608,E1740700009111,かねまる交流館,石川県中能登町金丸932,1,,,36.947153575183,136.84217330531,
609,E1740700010111,中能登町立たんぽぽ保育園,石川県中能登町春木３部18-1,1,,,37.0013478194,136.90417208466,
610,E1740700012111,中能登町立つくし保育園,石川県中能登町水白１９部1-1,1,,,36.957652076578,136.89353144466,
611,E1740700038121,特別養護老人ホーム「鹿寿苑」,石川県中能登町西馬場エ部56,1,,要配慮者のうち、町が特定した者,36.970217,136.887679,
612,E1740700016111,ふれあい交流館「北部」,石川県中能登町坪川リ部23,1,,,36.999487294543,136.92116490675,
613,E1740700018111,ディサービスセンター「いこい」,石川県中能登町東馬場ほ部18-1,1,,,36.965980113992,136.89448929662,
614,E1740700020111,中能登町立あおば保育園,石川県中能登町二宮カ部58,1,,,36.982072993169,136.92673818651,
615,E1740700021111,カルチャーセンター飛翔,石川県中能登町能登部下１３４部1,1,,,36.955546063728,136.8651164504,
616,E1740700022111,中能登町立さくら保育園,石川県中能登町能登部下４６部1-1,1,,,36.957404,136.866285,
617,E1740700024111,鹿西体育館,石川県中能登町能登部下９１部23,1,,,36.961419000001,136.86654608333,
618,E1740700026111,石川県立鹿西高等学校,石川県中能登町能登部上ヲ部1,1,,,36.963294975755,136.87143303493,
619,E1740700027111,農村環境改善センター「パルみおや」,石川県中能登町福田フ部111-1,1,,,36.941967,136.870064,
620,E1740700037121,老人福祉センターゆうゆう,石川県中能登町末坂２部37-1,,,要配慮者のうち、町が特定した者,36.991650154122,136.90359163819,
621,E1740700030111,保健センター「すくすく」,石川県中能登町末坂２部57-1,1,,,36.991380007104,136.90346173744,
622,E1740700032111,中能登町社会福祉センター,石川県中能登町末坂９部43,1,,,36.988973405816,136.90209172884,
623,E1740700033111,中能登中学校,石川県中能登町良川け部1-1,1,,,36.972898570321,136.89020396826,
624,E1740700039121,障害者支援施設つばさ,石川県中能登町良川け部71-1,,,要配慮者のうち、町が特定した者,36.970805,136.891834,
625,E1740700035111,中能登町立こすもす保育園,石川県中能登町良川た部3,1,,,36.981568,136.896421,
626,E1740700036111,ラポールよしかわ,石川県中能登町良川ち部15,1,,,36.977433910746,136.88942251175,
627,E1736100001111,井上小学校,石川県津幡町井上の荘1-1,1,,,36.671774,136.720178,
628,E1736100015111,津幡高等学校,石川県津幡町加賀爪ヲ45,1,,,36.667917,136.742636,
629,E1736100002111,津幡中学校,石川県津幡町字加賀爪ヌ6-1,1,,,36.667062,136.737567,
630,E1736100003111,刈安小学校,石川県津幡町字刈安イ1,1,,,36.669803,136.788172,
631,E1736100004111,刈安コミュニティプラザ,石川県津幡町字刈安甲5,,,,36.6700459714091,136.78762696808,
632,E1736100005112,笠野小学校,石川県津幡町字山北ワ116,1,,,36.693102,136.777127,
633,E1736100005111,笠野公民館,石川県津幡町字山北ワ116,1,,,36.6932712181474,136.777876844438,
634,E1736100006111,萩野台コミュニティプラザ,石川県津幡町字七野イ75,1,,,36.6570644581605,136.762039213558,
635,E1736100006112,萩野台小学校,石川県津幡町字七野イ75,1,,,36.656982,136.761828,
636,E1736100007112,津幡小学校,石川県津幡町字清水リ123-3,1,,,36.673407,136.736165,
637,E1736100007111,津幡地域交流センター,石川県津幡町字清水リ123-3,1,,,36.6742551108218,136.736631224545,
638,E1736100008111,条南コミュニティプラザ,石川県津幡町字太田ろ3,1,,,36.654108168327,136.718933293123,
639,E1736100008112,条南小学校,石川県津幡町字太田ろ3,1,,,36.654059,136.717823,
640,E1736100009111,太白台小学校,石川県津幡町字津幡ワ2,1,,,36.672861,136.748289,
641,E1736100010111,津幡南中学校,石川県津幡町字南中条3-7,1,,,36.65985,136.720946,
642,E1736100011111,中条公民館,石川県津幡町字南中条ヘ81,1,,,36.6580362742983,136.727488698642,
643,E1736100011112,中条小学校,石川県津幡町字南中条ヘ81,1,,,36.658885,136.726832,
644,E1736100012111,英田コミュニティプラザ,石川県津幡町字能瀬井36,1,,,36.6934392340437,136.727018885085,
645,E1736100012112,英田小学校,石川県津幡町字能瀬井36,1,,,36.69265,136.726872,
646,E1736100013111,文化会館シグナス,石川県津幡町北中条3-1,,,,36.663565,136.727228,
647,E1736500001111,アカシア公民館,石川県内灘町字アカシア2-4,,,,36.6349604,136.6358396,
648,E1736500003111,ハマナス公民館,石川県内灘町字ハマナス2-16-1,,,,36.6545403,136.6429458,
649,E1736500005111,旭ケ丘公民館,石川県内灘町字旭ケ丘282,1,,,36.63016052,136.6352119,
650,E1736500007112,宮坂公民館,石川県内灘町字宮坂６字1-1,,,,36.6659925,136.6567144,
651,E1736500007111,勤労者体育センター,石川県内灘町字宮坂６字1-1,,,,36.66591504,136.657106,
652,E1736500008111,サイクリングターミナル,石川県内灘町字宮坂に1-3,,,,36.66554293,136.6522466,
653,E1736500009111,屋内温水プール,石川県内灘町字宮坂に1-9,,,,36.66681493,136.6530352,
654,E1736500010111,ほのぼの湯（防災コミュニティセンター）,石川県内灘町字宮坂に455,,,,36.66219607,136.6527328,
655,E1736500012111,屋内多目的広場,石川県内灘町字宮坂ぬ33-1,,,,36.667265121098,136.65202220793,
656,E1736500014111,向粟崎体育館（向粟崎公民館）,石川県内灘町字向粟崎1-420,,,,36.63147443,136.6356956,
657,E1736500015111,向粟崎小学校,石川県内灘町字向粟崎2-382,1,,,36.63637052,136.637554,
658,E1736500016111,少年の家,石川県内灘町字向粟崎3-104,,,,36.6320276,136.6327641,
659,E1736500018111,向粟崎東集会場,石川県内灘町字向粟崎5-85,,,,36.63857744,136.6381066,
660,E1736500020111,働く女性の家（向陽台公民館）,石川県内灘町字向陽台1-145-2,,,,36.63803056,136.6337537,
661,E1736500021111,清湖小学校,石川県内灘町字向陽台2-294,1,,,36.64052381,136.633488,
662,E1736500023111,室公民館,石川県内灘町字室イ79-1,,,,36.68857331,136.6755147,
663,E1736500025111,西荒屋公民館,石川県内灘町字西荒屋ハ24-4,,,,36.6847395,136.6724603,
664,E1736500026111,西荒屋小学校,石川県内灘町字西荒屋ハ6-7,1,,,36.67859993,136.6671304,
665,E1736500028111,千鳥台公民館,石川県内灘町字千鳥台1-123,,,,36.63662029,136.6270193,
666,E1736500031111,石川県立内灘高等学校,石川県内灘町字千鳥台3-1,1,,,36.6406836,136.6293081,
667,E1736500034121,特別養護老人ホーム夕陽ヶ丘苑,石川県内灘町字大学1-5-1,,,要配慮者,36.65987527,136.6476932,
668,E1736500035111,大学公民館,石川県内灘町字大学2-119,1,,,36.65510375,136.6486659,
669,E1736500036121,内灘の風,石川県内灘町字大根布1-31-8,,,要配慮者,36.6471738409657,136.645469398537,
670,E1736500037111,地域防災センター（大根布公民館）,石川県内灘町字大根布3-150,,,,36.65190583,136.64877,
671,E1736500038111,大根布小学校,石川県内灘町字大根布6-2,1,,,36.649287,136.6455694,
672,E1736500041121,うちなだ福祉作業所,石川県内灘町字大根布と202-5,,,要配慮者,36.64926182,136.6392907,
673,E1736500042111,石川県立児童生活指導センター,石川県内灘町字大根布と543,1,,,36.65044073,136.6387074,
674,E1736500044111,文化会館（大清台公民館）,石川県内灘町字大清台140,,,,36.65094798,136.6436793,
675,E1736500045111,鶴ケ丘東公民館,石川県内灘町字鶴ケ丘2-159-1,,,,36.64269128,136.6423392,
676,E1736500047111,鶴ケ丘小学校,石川県内灘町字鶴ケ丘2-162,1,,,36.6429345,136.6418045,
677,E1736500048111,内灘中学校,石川県内灘町字鶴ケ丘2-308,1,,,36.64584363,136.6435588,
678,E1736500049111,武道館,石川県内灘町字鶴ケ丘2-308-3,,,,36.6464462,136.6448678,
679,E1736500052111,鶴ケ丘西公民館,石川県内灘町字鶴ケ丘4-1-187,,,,36.64391741,136.6379081,
680,E1736500054111,鶴ケ丘北公民館,石川県内灘町字鶴ケ丘5-1-185,,,,36.64719972,136.6413529,
681,E1736500058111,内灘町南部地域防災センター（緑台公民館）,石川県内灘町字緑台1-270,,,,36.6341661846011,136.629625426619,
682,E1736500057111,白帆台公民館,石川県内灘町白帆台1-215,,,,36.67019708,136.6555838,
683,E1736500061121,内灘温泉保養館,石川県内灘町白帆台1-88-1,,,要配慮者,36.6684413392658,136.654626460105,
684,E1736500062111,白帆台小学校,石川県内灘町白帆台2-168,1,,,36.6740036151124,136.657350243361,
685,E1746300045111,岩井戸公民館,石川県能登町字黒川26-11,1,,,37.364893750549,137.03952328625,
686,E1746300047112,崎山山村開発センター,石川県能登町字崎山1-1,1,,,37.302809638973,137.14868449972,
687,E1746300064111,小間生公民館,石川県能登町字小間生梅部89-1,1,,,37.381497,137.115065,
688,E1746300065111,小木中学校,石川県能登町字小木1-1-1,1,,,37.304203464789,137.22338023163,
689,E1746300067111,小木地域交流センター,石川県能登町字小木１５字30-1,,,,37.300581151773,137.22393769324,
690,E1746300070111,小木小学校,石川県能登町字小木４字16,,,,37.299072981156,137.22383648394,
691,E1746300079111,松波公民館,石川県能登町字松波１３字75-1,1,,,37.35350648948,137.24492245302,
692,E1746300084111,松波中学校,石川県能登町字松波１６字26,,,,37.346766348364,137.24508645111,
693,E1746300090111,上町公民館,石川県能登町字上町８字505,,,,37.350730104427,137.10880205903,
694,E1746300105111,瑞穂公民館,石川県能登町字瑞穂１０字166,,,,37.280425640229,137.04057624663,
695,E1746300115111,神野公民館,石川県能登町字鶴町１１字13-1,,,,37.315973688189,137.08392562115,
696,E1746300123111,能都中学校,石川県能登町字藤波１４字35,,,,37.302248859517,137.14408839064,
697,E1746300125111,屋内テニスコート,石川県能登町字藤波２３字1,,,,37.295227225734,137.13473379085,
698,E1746300133111,三波公民館,石川県能登町字波並３字113,,,,37.289113779148,137.11700574852,
699,E1746300136111,白丸コミュニティ施設,石川県能登町字白丸２字17,,,,37.326875908893,137.26387177936,
700,E1746300140111,姫交流センター,石川県能登町字姫１０字250,,,,37.296413842374,137.21255010199,
701,E1746300142111,高倉公民館,石川県能登町字姫１２字36,,,,37.302193816596,137.20857603038,
702,E1746300144111,不動寺公民館,石川県能登町字不動寺８字200-1,1,,,37.337526363923,137.20953289958,
703,E1746300162111,柳田公民館,石川県能登町字柳田仁部54,1,,,37.368813115299,137.09609034488,
704,E1746300169111,柳田中学校,石川県能登町字礼部3,1,,,37.365826743051,137.0925810878,
705,E1746300168111,柳田小学校,石川県能登町字礼部２－１地,,,,37.366321309123,137.09583728954,
706,E1720500124121,第二長寿園,石川県能登町布浦,,,高齢者,37.344913,137.252625,
707,E1721100001111,北陸先端科学技術大学院大学体育館,石川県能美市旭台1-35,1,,,36.4421332955619,136.593883346713,
708,E1721100004111,粟生小学校,石川県能美市粟生町ロ45,1,,,36.452365370841,136.50643860625,
709,E1721100005111,岩内体育館,石川県能美市岩内町イ164-1,1,,,36.453995053595,136.566175731,
710,E1721100007111,石川県立寺井高校,石川県能美市吉光町ト90,1,,,36.446890391645,136.4964332523,
711,E1721100008111,宮竹小学校,石川県能美市宮竹町イ153,1,,,36.4529718617,136.5843097224,
712,E1721100011111,湯野児童館,石川県能美市佐野町ラ70,1,,,36.432419147732,136.51556255774,
713,E1721100019111,寺井体育館,石川県能美市寺井町ヨ150,1,,,36.436442027493,136.4970643032,
714,E1721100020111,寺井地区公民館,石川県能美市寺井町ヨ47,1,,,36.4368127004,136.49733024966,
715,E1721100021111,寺井小学校,石川県能美市寺井町ヨ60,1,,,36.435981476561,136.49771001115,
716,E1721100022111,寺井中学校,石川県能美市寺井町ラ161,1,,,36.440102984807,136.49134550767,
717,E1721100034111,泉台スポーツセンター,石川県能美市泉台町東11,1,,,36.434781135935,136.52603228706,
718,E1721100036111,根上総合文化会館,石川県能美市大成町ヌ118,1,,,36.447153833138,136.46361614364,
719,E1721100039111,辰口中学校,石川県能美市辰口町129,1,,,36.448284421897,136.54736558491,
720,E1721100040111,辰口中央小学校,石川県能美市辰口町735,1,,,36.446827679289,136.54258353015,
721,E1721100041111,辰口福祉会館,石川県能美市辰口町ヌ10,1,,,36.444275999293,136.5481733593,
722,E1721100042111,物見山総合体育館,石川県能美市辰口町リ1,1,,,36.447815377829,136.54761147889,
723,E1721100043111,浜小学校,石川県能美市中町カ14,1,,,36.448008516131,136.45810216157,
724,E1721100044111,根上中央児童館,石川県能美市中町子88,1,,,36.448904661243,136.45836541624,
725,E1721100047111,湯野小学校,石川県能美市湯谷町へ3076,1,,,36.434456114654,136.51424531067,
726,E1721100053111,根上勤労者体育センター,石川県能美市浜町ヨ15-3,1,,,36.447578226756,136.45697816051,
727,E1721100054111,根上中学校,石川県能美市浜町ワ60,1,,,36.446239419741,136.4563243065,
728,E1721100055111,福岡小学校,石川県能美市福岡町ハ35,1,,,36.447992481679,136.47523658874,
729,E1721100074111,緑が丘コミュニティセンター,石川県能美市緑が丘9-1,1,,,36.4421097909407,136.5379492395367,
730,E1721100066111,和気小学校,石川県能美市和気町イ140,1,,,36.423612,136.549178,
731,E1721100072111,道の駅「しらやまさん」,石川県能美市和佐谷町200,1,,,36.436745965686,136.63052501849,
732,E1721000001111,鳥越大日スポーツ施設　大日ロッジ,石川県白山市阿手町乙2-1,,,,36.293736,136.560417,
733,E1721000002111,旭コミュニティセンター・旭丘体育館,石川県白山市旭丘2-32,1,,,36.550970391356,136.5676516438,
734,E1721000003111,あさひこども園,石川県白山市旭丘2-33,,,,36.550804170206,136.56790489564,
735,E1721000004111,山島コミュニティセンター,石川県白山市安吉町120,1,,,36.48345709965,136.56534829137,
736,E1721000005111,蝶屋コミュニティセンター,石川県白山市井関町113-1,,,,36.492433,136.501973,
737,E1721000006111,蝶屋小学校（体育館）,石川県白山市井関町ヌ15,,,,36.491561682382,136.50172351387,
738,E1721000007111,白山農業協同組合多目的ホール,石川県白山市井口町に62-1,,,,36.472699159816,136.60351436633,
739,E1721000008111,明光小学校（体育館）,石川県白山市井口町は1-4,1,,,36.47789161972,136.60572716247,
740,E1721000009111,林中コミュニティセンター,石川県白山市乙丸町461,1,,,36.497873873552,136.57528940635,
741,E1721000108111,柏野防災コミュニティセンター,石川県白山市下柏野町488,1,,,36.4990237019134,136.536130463199,
742,E1721000011111,河内小学校（体育館）,石川県白山市河内町口直海イ88,1,,,36.402189128165,136.63085589774,
743,E1721000012111,河内ウッディホール,石川県白山市河内町江津い30,1,,,36.384458865071,136.6132839414,
744,E1721000013111,千丈温泉清流,石川県白山市河内町内尾ロ65-1,,,,36.347965972931,136.67953227616,
745,E1721000014111,かわち保健センター,石川県白山市河内町福岡77,1,,,36.397897037109,136.62057691014,
746,E1721000015111,かわちこども園,石川県白山市河内町福岡88,1,,,36.398597746653,136.62134268212,
747,E1721000016111,松陽小学校（体育館）,石川県白山市笠間町1150-1,,,,36.508060026203,136.52940256364,
748,E1721000017111,笠間中学校（体育館）,石川県白山市笠間町157,,,,36.499710757446,136.52599256761,
749,E1721000018111,笠間防災コミュニティセンター,石川県白山市笠間町623-1,1,,,36.504796507364,136.52554928278,
750,E1721000020111,鳥越中学校（体育館）,石川県白山市釜清水町チ140,1,,,36.364653789244,136.60810325491,
751,E1721000021111,白山ろく体育館,石川県白山市吉野ケ23,,,,36.354089226898,136.62527352463,
752,E1721000022111,旭丘小学校（体育館）,石川県白山市宮永町1446-1,,,,36.545412751728,136.56504139766,
753,E1721000024111,宮保防災コミュニティセンター,石川県白山市宮保町740-1,1,,,36.514177614758,136.53495747292,
754,E1721000026111,鶴来防災コミュニティセンター,石川県白山市月橋町699-2,,,,36.456378137324,136.62017410094,
755,E1721000027111,鶴来高等学校（体育館）,石川県白山市月橋町710,1,,,36.456815909459,136.61826940954,
756,E1721000028111,いしかわこども園,石川県白山市源兵島町288,,,,36.483985039958,136.52893679503,
757,E1721000029111,石川コミュニティセンター,石川県白山市源兵島町332-1,1,,,36.484121235025,136.52745722219,
758,E1721000030111,石川小学校（体育館）,石川県白山市源兵島町344,,,,36.483771872458,136.52811704561,
759,E1721000031111,松任文化会館ピーノ,石川県白山市古城町2,,,,36.524261543294,136.56592781033,
760,E1721000032111,松任学習センタープララ,石川県白山市古城町305,,,,36.524641273596,136.56715221299,
761,E1721000033111,吉野谷コミュニティセンター,石川県白山市佐良ニ136,1,,,36.323669414694,136.64690020603,
762,E1721000034111,翠星高等学校（体育館）,石川県白山市三浦町500-1,1,,,36.512824603614,136.57427223588,
763,E1721000035111,旧吉野谷市民サービスセンター,石川県白山市市原丁25,,,,36.320432711673,136.64842536898,
764,E1721000036111,鶴来総合文化会館クレイン,石川県白山市七原町77,,,,36.48354781654,136.59809087,
765,E1721000037111,山島台児童センター,石川県白山市漆島町281,,,,36.472312755762,136.57809011219,
766,E1721000038111,日輪体育館,石川県白山市松本町888-1,,,,36.512363269761,136.51071714116,
767,E1721000039111,鳥越ふるさとセンター,石川県白山市上吉谷町甲99,1,,,36.334182747802,136.63511123493,
768,E1721000040111,鳥越小学校（体育館）,石川県白山市上野町オ1,1,,,36.370688520749,136.605003574,
769,E1721000041111,北陽小学校（体育館）,石川県白山市新田町246,,,,36.531267703978,136.57311344129,
770,E1721000042111,松南小学校（体育館）,石川県白山市菅波町1171-1,,,,36.491385986214,136.56890473889,
771,E1721000043111,尾口コミュニティセンター,石川県白山市瀬戸午10,,,,36.292072672661,136.64635162512,
772,E1721000044111,白嶺小中学校（体育館）,石川県白山市瀬戸申66,1,,,36.296088611483,136.64141005064,
773,E1721000046111,出城コミュニティセンター,石川県白山市成町406-2,1,,,36.522876089972,136.55506000018,
774,E1721000047111,松任コミュニティセンター,石川県白山市西新町170-1,,,,36.524683839323,136.56318360479,
775,E1721000048111,加賀野コミュニティセンター,石川県白山市西柏1-37,,,,36.501565015226,136.5314746218,
776,E1721000049111,千代野保育所,石川県白山市千代野西2-13,,,,36.522039842027,136.53791274874,
777,E1721000050111,千代野コミュニティセンター・千代野児童センター,石川県白山市千代野西8-30,1,,,36.527442472234,136.53770647595,
778,E1721000051111,千代野体育館,石川県白山市千代野東3-17-2,,,,36.522699922834,136.54237867888,
779,E1721000052111,千代野小学校（体育館）,石川県白山市千代野東4-1,,,,36.524666759366,136.54125893019,
780,E1721000053111,千代野会館,石川県白山市千代野東5-1-2,,,,36.523109948174,136.54381902681,
781,E1721000055111,松任総合運動公園体育館,石川県白山市倉光4-22,,,,36.513749957203,136.56353182908,
782,E1721000056111,はまなす保育園,石川県白山市相川町1262,,,,36.539270760006,136.54623519823,
783,E1721000057111,御手洗コミュニティセンター,石川県白山市相川町1566-1,1,,,36.538898569485,136.54096782269,
784,E1721000058111,シーサイド松任,石川県白山市相川町2462,,,,36.541666538644,136.53548247486,
785,E1721000060111,あいのきこども園,石川県白山市相木町797,,,,36.533410629036,136.565195073,
786,E1721000061111,一木コミュニティセンター・松任青少年体育館,石川県白山市村井町441,,,,36.512692182668,136.55921366495,
787,E1721000062111,広陽小学校（体育館）,石川県白山市知気寺町と77-2,1,,,36.486978994324,136.60238366512,
788,E1721000064111,くろゆり荘,石川県白山市中宮ク5-32,,,,36.260859507304,136.76328053793,
789,E1721000065111,吉野谷セミナーハウス,石川県白山市中宮ヲ16,1,,,36.275390839186,136.68896395056,
790,E1721000066111,白山郷公園体育館,石川県白山市鶴来大国町ロ125-2,1,,,36.455001635176,136.61951270319,
791,E1721000067111,朝日小学校（体育館）,石川県白山市鶴来日吉町ロ111,1,,,36.444682730798,136.63576854447,
792,E1721000068111,鶴来コミュニティセンター,石川県白山市鶴来本町４丁目ヌ85,,,,36.452756165845,136.62558065199,
793,E1721000069111,鶴来中学校（体育館）,石川県白山市鶴来本町４丁目リ16,,,,36.454086937365,136.62492003064,
794,E1721000070111,郷コミュニティセンター,石川県白山市田中町230,1,,,36.530478643166,136.58907631775,
795,E1721000072111,林コミュニティセンター,石川県白山市道法寺町へ24,1,,,36.483017748787,136.61306503963,
796,E1721000071111,双葉保育所,石川県白山市道法寺町ト73,,,,36.481944809989,136.61073346562,
797,E1721000073111,東明小学校（体育館）,石川県白山市徳丸町207,,,,36.523804614153,136.57896163298,
798,E1721000074111,若宮公園体育館,石川県白山市徳丸町491,,,,36.521689317143,136.5759249645,
799,E1721000075111,松任海浜温泉,石川県白山市徳光町2665-1,,,,36.535938610534,136.53028569856,
800,E1721000076111,蔵山コミュニティセンター,石川県白山市日御子町ホ60-1,,,,36.464932663192,136.61442708229,
801,E1721000077111,舘畑コミュニティセンター,石川県白山市日向町イ19,1,,,36.482663424892,136.5937028931,
802,E1721000078111,北辰中学校（体育館）,石川県白山市日向町ロ24-2,,,,36.483513067831,136.59597737797,
803,E1721000079111,松任高等学校（体育館）,石川県白山市馬場1-100,1,,,36.52026067091,136.56170947577,
804,E1721000080111,一ノ宮コミュニティセンター,石川県白山市白山町カ88-10,,,,36.428315490145,136.63502592259,
805,E1721000081111,白峰コミュニティホール,石川県白山市白峰ハ149,1,,,36.177174317962,136.62433463387,
806,E1721000082111,福祉複合施設カルテット,石川県白山市白峰ハ157-1,,,,36.176256190219,136.62433417162,
807,E1721000083111,白峰地域交流センター（白峰温泉総湯）,石川県白山市白峰ロ9,1,,,36.174263637511,136.62662172229,
808,E1721000084111,白峰小学校（体育館）,石川県白山市白峰二110,,,,36.178067210447,136.62568799966,
809,E1721000085111,東部農村研修センター,石川県白山市八ツ矢町175,,,,36.526283746992,136.57083115111,
810,E1721000086111,わかみや保育所,石川県白山市八ツ矢町500-1,,,,36.524163143433,136.57373631871,
811,E1721000087111,わかみや児童センター,石川県白山市八ツ矢町566,,,,36.524038127865,136.57204652702,
812,E1721000090111,白山青年の家,石川県白山市八幡町戌142,,,,36.442403665674,136.63276059826,
813,E1721000091111,光野中学校（体育館）,石川県白山市番匠町468-1,1,,,36.535098181784,136.58196444406,
814,E1721000092111,北竜会館,石川県白山市尾添ヌ243,1,,,36.269857530755,136.7153961041,
815,E1721000093111,美川地域防災コミュニティセンター,石川県白山市美川永代町ヲ266-1,1,,,36.48776,136.484011,
816,E1721000095111,美川中学校（体育館）,石川県白山市美川浜町タ5,1,,,36.489420721134,136.49231392861,
817,E1721000096111,美川スポーツセンター,石川県白山市美川浜町タ6,1,,,36.488936736352,136.49151255387,
818,E1721000097111,美川コミュニティセンター,石川県白山市美川浜町ヨ103,,,,36.491041941342,136.49193321591,
819,E1721000098111,美川小学校（体育館）,石川県白山市美川和波町ワ229,,,,36.49006834808,136.48372526373,
820,E1721000099111,北部農村健康センター,石川県白山市蕪城4-15,,,,36.533028852992,136.55284968982,
821,E1721000100111,北星中学校（第二体育館）,石川県白山市平木町112-1,,,,36.536682871583,136.54158454436,
822,E1721000101111,鳥越コミュニティセンター,石川県白山市別宮町ロ170,,,,36.358426094633,136.60459561879,
823,E1721000102111,蕪城小学校（体育館）,石川県白山市北安田町355,,,,36.52958289233,136.55027381946,
824,E1721000103111,ぶじょうこども園,石川県白山市北安田町396-1,,,,36.529161785621,136.55281836537,
825,E1721000104111,松任小学校（体育館）,石川県白山市末広1-100,,,,36.519492333537,136.56723296899,
826,E1721000105111,松任中学校（体育館）,石川県白山市末広2-1,,,,36.51718073954,136.56894574842,
827,E1721000106111,湊小学校（体育館）,石川県白山市湊町カ307,1,,,36.474082063541,136.47802936131,
828,E1721000107111,湊防災コミュニティセンター,石川県白山市湊町ヨ70-1,1,,,36.479027109579,136.47761563153,
829,E1738600002111,樋川小学校体育館,石川県宝達志水町荻島に30,1,,,36.856753286402,136.77720532511,
830,E1738600003111,産業センター,石川県宝達志水町河原ト120,1,,,36.818009262814,136.76715520934,
831,E1738600020111,宝達志水スポーツセンター,石川県宝達志水町吉野屋ヲ155,1,,,36.859622,136.804585,
832,E1738600006111,相見保育所プレイルーム,石川県宝達志水町今浜えびすが丘31,1,,,36.825486207529,136.75315886725,
833,E1738600005111,宝達志水武道館,石川県宝達志水町今浜イ4-1,1,,,36.827673858223,136.75006014572,
834,E1738600005112,宝達志水総合体育館,石川県宝達志水町今浜イ4-1,1,,,36.826484437231,136.75036055313,
835,E1738600007111,宝達高等学校第２体育館,石川県宝達志水町今浜ト80,1,,,36.8247364,136.7610076,
836,E1738600007112,宝達高等学校第１体育館,石川県宝達志水町今浜ト80,1,,,36.82428608,136.7610165,
837,E1738600008111,生涯学習センター,石川県宝達志水町子浦そ18-1,1,,,36.862426130017,136.79704685706,
838,E1738600009111,志桜小学校体育館,石川県宝達志水町子浦ツ18,1,,,36.862203812287,136.79290121595,
839,E1738600010111,宝達中学校体育館,石川県宝達志水町小川カ150,1,,,36.819145710872,136.75586272575,
840,E1738600011111,旧宝達小学校体育館,石川県宝達志水町上田キ50,1,,,36.812512101199,136.77385972744,
841,E1738600021111,北部軽スポーツセンター,石川県宝達志水町菅原ヤ23,1,,,36.877391,136.806092,
842,E1738600012111,旧押水第一小学校体育館,石川県宝達志水町冬野ヲ2,1,,,36.797779303847,136.74960066874,
843,E1738600013111,押水小学校体育館,石川県宝達志水町麦生ト133,1,,,36.830031796129,136.75446018842,
844,E1738600014111,白虎山公園軽スポーツセンター,石川県宝達志水町敷波ロ44,1,,,36.855403367563,136.77311921308,
845,E1738600016111,宝達志水広域勤労青少年ホーム,石川県宝達志水町北川尻ミ1-15,1,,,36.806990605607,136.74992318385,
846,E1738600017111,宝達志水町民センター,石川県宝達志水町門前サ11,1,,,36.816316617256,136.76406261169,
847,E1721200001111,御園小学校体育館,石川県野々市市稲荷4-128,1,,,36.5375957789845,136.603939564749,
848,E1721200025111,女性センター,石川県野々市市稲荷4-155,,,,36.53669,136.605331,
849,E1721200002111,布水中学校体育館,石川県野々市市押野2-100,1,,,36.5386493222779,136.61200551405,
850,E1721200017111,スポーツセンター,石川県野々市市押野2-30,,,,36.540592,136.612351,
851,E1721200023111,第４コミュニティ消防防災センター,石川県野々市市押野2-313-2,,,,36.540853,136.611063,
852,E1721200012112,押野公民館,石川県野々市市押野3-70,,,,36.540788,136.616503,
853,E1721200003111,館野小学校体育館,石川県野々市市押野3-71,1,,,36.5404435070581,136.616532750596,
854,E1721200004111,野々市明倫高校第１・第２体育館,石川県野々市市下林3-309,1,,,36.5262065856439,136.600865796341,
855,E1721200011112,市民体育館,石川県野々市市下林3-97,,,,36.525644,136.599627,
856,E1721200005111,野々市中学校体育館,石川県野々市市三納3-1,1,,,36.5243884045525,136.60792701168,
857,E1721200006111,菅原小学校体育館,石川県野々市市菅原町20-1,1,,,36.5253048309286,136.616662460748,
858,E1721200007111,金沢工業大学第二体育館（２０号館）,石川県野々市市扇が丘7-1,1,,,36.5276391086942,136.628227987735,
859,E1721200015111,富奥防災コミュニティセンター,石川県野々市市中林5-3-22,,,,36.511917,136.605301,
860,E1721200020111,第２コミュニティ消防センター,石川県野々市市中林5-30-1,,,,36.51118,136.604951,
861,E1721200008111,富陽小学校体育館,石川県野々市市中林5-70,1,,,36.5129263300181,136.603998758219,
862,E1721200016111,郷公民館,石川県野々市市田尻町94,,,,36.531935,136.596043,
863,E1721200022111,第３コミュニティ消防防災センター,石川県野々市市田尻町96-14,,,,36.531628,136.59581,
864,E1721200013111,交遊舎,石川県野々市市二日市1-2,,,,36.542206,136.598419,
865,E1721200021111,防災コミュニティセンター,石川県野々市市本町1-2-50,,,,36.537888,136.623842,
866,E1721200014111,中央公民館,石川県野々市市本町2-1-20,,,,36.532643,136.618469,
867,E1721200019111,第１コミュニティ消防センター,石川県野々市市本町2-17-10,,,,36.531082,136.620377,
868,E1721200026111,教育センター,石川県野々市市本町4-21-27,,,,36.529915,136.610458,
869,E1721200009111,野々市小学校体育館,石川県野々市市本町5-3-1,1,,,36.5321352328196,136.609749051546,
870,E1721200024111,文化会館フォルテ,石川県野々市市本町5-4-1,,,,36.531845,136.608459,
871,E1721200010111,石川県立大学体育館,石川県野々市市末松1-308,1,,,36.507345835528,136.597088393102,
872,E1720400003111,輪島市立河原田小学校（体育館）,石川県輪島市横地町６字123,1,,,37.3725155398767,136.907362569205,
873,E1720400004111,輪島市立輪島中学校（武道館）,石川県輪島市河井町１１部39-1,1,,,37.3900822658468,136.911175837564,
874,E1720400004112,輪島市立輪島中学校（屋内運動場、全天候型広場）,石川県輪島市河井町１１部39-1,1,,,37.389584612079,136.912555023472,
875,E1720400006111,輪島市立河井小学校（体育館）,石川県輪島市河井町１８部1-2,1,,,37.3919789237982,136.9035154401,
876,E1720400007111,石川県立輪島高等学校（体育館）,石川県輪島市河井町１８部42-2,1,,,37.3902149180786,136.903364730068,
877,E1720400008111,輪島駅ふらっと訪夢,石川県輪島市河井町２０部1-131,,,,37.388899610087,136.90617893916,
878,E1720400009111,輪島市文化会館（輪島市立輪島公民館）,石川県輪島市河井町２０部１－１地,1,,,37.388582307549,136.905966443253,
879,E1720400011111,輪島市ふれあい健康センター,石川県輪島市河井町２部287-1,1,,,37.3941237772943,136.901180571137,
880,E1720400015111,舳倉島開発総合センター,石川県輪島市海士町所属舳倉島出邑山1-4,1,,,37.8505874862978,136.918106838213,
881,E1720400016111,輪島市立三井小学校（体育館）,石川県輪島市三井町興徳寺１０字29,1,,,37.3158017580333,136.898233664224,
882,E1720400017111,旧輪島市立三井中学校（体育館）,石川県輪島市三井町興徳寺１０字33,1,,,37.3162484105215,136.89968390529,
883,E1720400018111,日本航空学園（ＷＡＪＩＭＡ　ＭＥＭＯＲＩＡＬ　ＧＩＭ）,石川県輪島市三井町洲衛９部27-6,,,,37.298103381886,136.96314542767,
884,E1720400020111,輪島市立三井公民館,石川県輪島市三井町長沢２字12-1,1,,,37.315385599044,136.90259947871,
885,E1720400021111,輪島市立大屋公民館,石川県輪島市小伊勢町丸垣内22-1,1,,,37.381134745013,136.88596170094,
886,E1720400022111,輪島市立大屋小学校（体育館）,石川県輪島市小伊勢町日隅7-3,1,,,37.383171809131,136.88858109171,
887,E1720400023111,旧輪島市立鵠巣公民館,石川県輪島市深見町６５部33-1,1,,,37.410667854366,136.96971006611,
888,E1720400024111,サン・アリーナ,石川県輪島市杉平町１字12,1,,,37.3868438855487,136.914133980928,
889,E1720400026111,輪島市立河原田公民館,石川県輪島市西脇町60-1,1,,,37.3571788371635,136.908381158665,
890,E1720400027111,旧輪島市立西保小学校（体育館）,石川県輪島市赤崎町ニ80,1,,,37.3834301660752,136.81355095551,
891,E1720400028111,輪島市立西保公民館,石川県輪島市大沢町ホサソ201-3,1,,,37.3746802812267,136.803328539858,
892,E1720400029111,輪島市立鵠巣小学校（体育館）,石川県輪島市大野町菰沢2-3,1,,,37.3972674991747,136.934602176001,
893,E1720400084111,輪島市立鵠巣公民館,石川県輪島市大野町菰沢35,,,,37.397548,136.93355,
894,E1720400032111,輪島市立町野公民館,石川県輪島市町野町粟蔵川原田22-1,1,,,37.4233635607777,137.088129741652,
895,E1720400033111,輪島市立東陽中学校（体育館）,石川県輪島市町野町粟蔵川原田33,1,,,37.4224911749238,137.088385260518,
896,E1720400034111,輪島市立町野小学校（体育館）,石川県輪島市町野町粟蔵川原田42,1,,,37.4225931794281,137.088799765127,
897,E1720400035111,輪島市ふるさと体験実習館,石川県輪島市町野町曽々木サ部45,,,,37.4545804888036,137.073281751447,
898,E1720400039111,介護予防拠点施設ふれあいプラザ二勢,石川県輪島市二勢町44,,,,37.3866134088051,136.895772561706,
899,E1720400042111,輪島市立鳳至公民館,石川県輪島市鳳至町石浦町83-1,1,,,37.3984855986699,136.89689919257,
900,E1720400045111,輪島市立鳳至小学校（体育館）,石川県輪島市鳳至町堂金田1,1,,,37.3958581399787,136.89469542789,
901,E1720400049111,夕陽ヶ丘防災拠点施設,石川県輪島市堀町１５字2-2,,,,37.396528916599,136.89137806139,
902,E1720400051111,輪島市立七浦公民館,石川県輪島市門前町鵜山12-50,1,,,37.345281141227,136.75280727821,
903,E1720400053111,輪島市立浦上公民館,石川県輪島市門前町浦上8-58,1,,,37.3057689290989,136.797614236869,
904,E1720400056111,石川県立門前高等学校（体育館）,石川県輪島市門前町広岡5-3,1,,,37.28614830977,136.768591461891,
905,E1720400057111,輪島市立黒島公民館,石川県輪島市門前町黒島町高池45,1,,,37.2789032745982,136.735632924658,
906,E1720400061111,輪島市立門前東小学校（体育館）,石川県輪島市門前町清水1-68,,,,37.2883076495796,136.766576577809,
907,E1720400060111,輪島市立門前中学校（体育館）,石川県輪島市門前町清水10-21,1,,,37.2921548550225,136.764061564921,
908,E1720400062111,輪島市門前健民体育館,石川県輪島市門前町清水7-1,1,,,37.2910385974202,136.758858868144,
909,E1720400064111,輪島市役所門前総合支所（防災研修室）,石川県輪島市門前町走出6-69,1,,,37.2873837451974,136.767963712729,
910,E1720400063111,輪島市門前会館（輪島市立門前公民館）,石川県輪島市門前町走出6-92-2,1,,,37.2877984492107,136.767771407098,
911,E1720400067111,輪島市立門前西小学校（体育館）,石川県輪島市門前町道下1-123,1,,,37.2851615560364,136.741293593788,
912,E1720400068111,輪島市立諸岡公民館,石川県輪島市門前町道下7-175,1,,,37.2884034015025,136.745259123641,
913,E1720400070111,輪島市立阿岸公民館,石川県輪島市門前町南ナ17,1,,,37.2554348679507,136.733153521258,
914,E1720400071111,輪島市立本郷公民館,石川県輪島市門前町二又川4-4-1,1,,,37.2848355555739,136.826646200697,
915,E1720400074111,輪島市七浦基幹集落センター,石川県輪島市門前町餅田9-16-2,1,,,37.3469589732768,136.755792269334,
916,E1720400075111,剱地原子力災害防護施設,石川県輪島市門前町剱地ソ13,,,,37.2315691866032,136.71022934517,
917,E1720400076111,輪島市立剱地公民館,石川県輪島市門前町剱地ツ60,1,,,37.2317654155461,136.70871645141,
918,E1720400078111,輪島市立南志見公民館,石川県輪島市里町３２字36,1,,,37.4310020272449,137.03421620067,
919,E1720400080111,輪島市立港公民館,石川県輪島市輪島崎町１部211-4,1,,,37.40328927933,136.8999196746,
